KOR,MATH,GRADE
58,33,B
77,53,B
92,15,B
14,35,C
25,24,C
76,95,A
96,70,A
27,64,B
98,51,A
95,67,A
42,81,B
17,61,C
47,42,B
81,82,A
18,71,B
50,36,B
93,47,A
97,73,A
20,33,C
81,34,B
72,28,B
54,45,B
45,41,B
71,37,B
59,15,C
49,64,B
35,89,B
46,38,B
37,92,B
85,51,B
34,100,B
92,46,B
31,96,B
39,60,B
55,56,B
45,50,B
70,23,B
21,14,C
37,67,B
83,19,B
79,65,A
30,36,C
93,25,B
86,21,B
35,28,C
53,21,C
91,29,B
88,96,A
92,80,A
19,39,C
50,86,B
87,20,B
70,40,B
52,80,B
64,95,A
69,84,A
59,19,C
47,61,B
91,94,A
49,25,C
40,46,B
99,89,A
13,74,B
42,59,B
40,72,B
65,92,A
69,58,B
80,70,A
51,57,B
95,62,A
96,46,A
86,95,A
71,60,B
89,100,A
26,25,C
28,28,C
47,59,B
45,53,B
27,52,C
34,94,B
90,58,A
57,22,C
28,59,B
98,92,A
87,39,B
21,40,C
48,37,B
98,58,A
75,90,A
79,80,A
63,26,B
59,92,A
18,58,C
65,41,B
19,45,C
71,22,B
31,92,B
60,61,B
26,24,C
77,76,A
33,17,C
84,38,B
81,82,A
49,83,B
99,26,B
51,79,B
76,14,B
93,24,B
27,25,C
43,15,C
11,17,C
78,22,B
58,58,B
43,43,B
56,54,B
77,100,A
51,12,C
45,64,B
41,18,C
31,79,B
95,92,A
77,44,B
51,29,B
10,61,C
58,16,C
71,92,A
14,54,C
33,10,C
90,61,A
71,10,B
41,82,B
59,53,B
29,53,B
10,30,C
55,87,A
31,49,B
87,59,A
18,19,C
71,46,B
61,89,A
50,51,B
43,82,B
31,52,B
12,65,C
42,85,B
40,75,B
76,89,A
42,31,C
68,90,A
28,26,C
55,86,A
48,10,C
80,79,A
68,90,A
65,62,B
22,57,C
19,25,C
11,100,B
45,24,C
54,62,B
63,84,A
70,51,B
71,14,B
57,18,C
33,96,B
42,93,B
68,59,B
56,91,A
32,51,B
29,62,B
90,59,A
80,90,A
15,31,C
84,99,A
38,38,C
36,59,B
55,82,B
22,15,C
64,58,B
81,16,B
82,55,B
31,68,B
57,20,C
30,77,B
36,68,B
27,33,C
88,83,A
83,36,B
29,32,C
98,19,B
55,65,B
86,58,A
84,52,B
70,60,B
65,45,B
72,11,B
40,55,B
29,77,B
87,68,A
40,92,B
67,58,B
97,35,B
19,19,C
54,16,C
96,72,A
30,46,C
79,65,A
25,66,B
25,95,B
66,54,B
51,79,B
25,47,C
48,90,B
59,73,B
48,71,B
40,36,C
54,20,C
65,28,B
99,17,B
69,19,B
46,75,B
30,19,C
66,34,B
14,58,C
19,55,C
66,71,B
12,28,C
20,74,B
67,93,A
46,41,B
15,17,C
55,51,B
58,82,A
88,18,B
37,79,B
34,60,B
66,59,B
33,93,B
39,53,B
11,59,C
12,45,C
14,23,C
30,40,C
92,89,A
78,82,A
82,98,A
70,36,B
84,19,B
53,32,B
82,57,B
88,49,B
58,81,B
31,73,B
37,85,B
19,16,C
62,12,C
98,93,A
55,37,B
10,83,B
41,53,B
34,77,B
90,49,B
95,76,A
95,99,A
63,28,B
49,72,B
91,87,A
12,17,C
39,85,B
25,32,C
95,94,A
35,66,B
14,82,B
53,93,A
76,87,A
18,48,C
13,20,C
49,21,C
88,24,B
43,91,B
21,94,B
89,76,A
68,33,B
29,68,B
78,19,B
76,35,B
30,76,B
85,89,A
74,50,B
18,81,B
74,26,B
10,92,B
54,97,A
33,45,C
98,98,A
60,73,B
96,84,A
67,57,B
74,56,B
41,92,B
64,12,C
42,58,B
72,26,B
47,80,B
77,31,B
68,79,A
21,43,C
47,100,A
91,81,A
93,17,B
84,92,A
95,24,B
37,88,B
76,99,A
34,36,C
12,13,C
64,76,A
93,38,B
40,99,B
68,21,B
70,64,B
20,68,B
35,26,C
69,44,B
97,10,B
94,95,A
50,65,B
17,86,B
40,34,C
84,41,B
45,99,A
100,68,A
73,78,A
93,69,A
23,87,B
46,23,C
50,28,C
16,60,C
85,67,A
44,75,B
49,65,B
86,39,B
47,95,A
37,95,B
49,77,B
77,54,B
32,93,B
53,59,B
70,52,B
76,86,A
61,22,B
64,64,B
45,41,B
55,38,B
91,89,A
66,69,B
54,85,B
98,35,B
55,72,B
76,75,A
78,82,A
29,46,C
82,50,B
30,62,B
81,48,B
84,85,A
46,27,C
36,37,C
38,84,B
13,37,C
53,79,B
75,24,B
78,44,B
32,76,B
93,98,A
13,83,B
29,76,B
73,15,B
35,96,B
28,78,B
22,19,C
44,75,B
51,87,B
26,27,C
69,62,B
43,17,C
18,19,C
91,56,A
93,59,A
40,46,B
73,17,B
26,53,C
81,18,B
20,42,C
49,37,B
92,21,B
15,23,C
88,49,B
26,82,B
76,67,A
28,32,C
67,86,A
77,39,B
79,59,B
80,73,A
22,99,B
14,93,B
54,61,B
12,39,C
89,14,B
84,51,B
48,26,C
66,68,B
65,53,B
43,95,B
42,28,C
29,91,B
40,39,C
23,10,C
70,36,B
49,76,B
85,47,B
41,70,B
21,97,B
53,58,B
11,69,B
92,84,A
10,55,C
34,38,C
65,97,A
45,79,B
11,44,C
98,70,A
31,58,B
43,28,C
17,79,B
90,48,B
61,28,B
84,99,A
30,85,B
92,60,A
24,31,C
14,30,C
94,31,B
93,36,B
39,17,C
13,19,C
38,32,C
46,12,C
94,56,A
52,13,C
40,64,B
40,30,C
11,28,C
95,61,A
44,50,B
24,38,C
32,88,B
93,12,B
30,64,B
96,29,B
70,55,B
30,11,C
65,32,B
25,96,B
24,42,C
76,24,B
47,62,B
81,74,A
22,26,C
82,63,A
23,100,B
11,32,C
33,85,B
24,69,B
41,55,B
35,25,C
69,21,B
83,85,A
96,31,B
73,26,B
11,79,B
47,99,A
76,10,B
34,87,B
46,73,B
71,68,B
49,89,B
43,47,B
68,11,C
50,13,C
42,52,B
76,44,B
62,59,B
40,72,B
20,33,C
52,57,B
35,29,C
87,69,A
43,39,B
48,99,A
25,92,B
92,56,A
31,44,C
56,72,B
80,65,A
33,18,C
92,15,B
21,62,B
12,70,B
98,15,B
67,54,B
80,61,A
71,79,A
73,78,A
55,49,B
95,50,A
37,74,B
70,57,B
51,28,C
41,80,B
51,79,B
95,31,B
23,65,B
23,37,C
27,38,C
83,67,A
57,14,C
21,31,C
98,11,B
41,80,B
32,68,B
73,47,B
50,94,A
61,64,B
67,29,B
70,47,B
75,21,B
14,95,B
83,20,B
52,50,B
90,40,B
63,82,A
45,88,B
62,66,B
24,30,C
65,12,C
47,34,B
84,21,B
41,89,B
12,57,C
88,26,B
15,86,B
76,17,B
65,45,B
49,79,B
45,25,C
44,78,B
55,83,B
50,95,A
94,91,A
50,40,B
46,18,C
36,87,B
55,37,B
89,16,B
42,64,B
74,80,A
75,85,A
32,17,C
38,41,C
64,19,B
31,14,C
94,27,B
44,25,C
40,94,B
40,64,B
94,91,A
14,42,C
21,34,C
87,55,A
28,99,B
57,14,C
97,21,B
68,39,B
28,92,B
32,58,B
35,79,B
46,57,B
91,43,B
77,88,A
42,10,C
43,48,B
44,99,A
89,73,A
75,29,B
49,13,C
46,58,B
94,97,A
11,70,B
100,89,A
57,27,B
12,43,C
20,100,B
56,85,A
30,59,B
70,18,B
91,26,B
21,52,C
73,57,B
93,95,A
97,97,A
73,21,B
60,68,B
12,11,C
72,78,A
48,34,B
37,14,C
43,11,C
79,43,B
55,62,B
52,98,A
11,57,C
12,41,C
76,11,B
77,51,B
77,28,B
84,97,A
75,19,B
31,55,B
84,49,B
96,98,A
98,57,A
58,24,B
91,37,B
21,27,C
40,26,C
16,21,C
97,33,B
17,19,C
62,43,B
97,74,A
65,16,B
31,36,C
69,76,A
72,58,B
76,13,B
81,90,A
89,97,A
66,83,A
83,51,B
74,87,A
23,50,C
18,48,C
17,51,C
35,76,B
52,95,A
56,30,B
39,51,B
41,11,C
68,17,B
46,47,B
10,78,B
68,45,B
44,63,B
18,72,B
49,32,B
69,28,B
20,82,B
99,56,A
69,72,A
92,30,B
89,94,A
93,79,A
92,81,A
82,98,A
17,76,B
28,79,B
30,92,B
11,69,B
84,98,A
34,43,C
18,14,C
76,92,A
56,24,B
69,85,A
86,99,A
81,89,A
19,15,C
83,77,A
37,73,B
90,85,A
63,12,C
91,40,B
22,77,B
32,91,B
44,50,B
96,55,A
11,95,B
33,42,C
67,97,A
39,75,B
66,45,B
59,55,B
58,85,A
85,40,B
14,22,C
64,50,B
90,83,A
73,26,B
63,77,A
40,86,B
20,84,B
98,33,B
71,40,B
19,97,B
39,21,C
90,66,A
40,75,B
29,36,C
76,97,A
37,17,C
87,81,A
18,58,C
14,41,C
69,54,B
87,83,A
95,30,B
77,52,B
54,34,B
46,98,A
26,27,C
21,86,B
64,95,A
38,17,C
53,21,C
75,37,B
21,62,B
63,72,B
100,77,A
22,74,B
99,49,A
13,81,B
23,75,B
99,60,A
73,79,A
81,84,A
85,20,B
76,98,A
34,52,B
85,48,B
73,19,B
94,23,B
88,96,A
20,56,C
20,17,C
23,11,C
34,43,C
93,93,A
90,85,A
29,94,B
29,14,C
66,50,B
31,86,B
52,91,A
30,13,C
39,48,B
12,24,C
63,33,B
83,35,B
84,59,A
72,39,B
47,75,B
86,89,A
94,67,A
50,67,B
23,64,B
91,18,B
47,92,B
28,98,B
22,94,B
32,49,B
34,90,B
19,100,B
96,46,A
87,51,B
79,91,A
17,72,B
100,10,B
52,56,B
52,44,B
10,67,C
93,39,B
17,29,C
84,49,B
73,59,B
15,55,C
75,17,B
23,10,C
81,52,B
53,94,A
45,35,B
50,38,B
40,16,C
52,16,C
56,19,C
56,96,A
94,60,A
44,47,B
72,11,B
68,19,B
39,26,C
71,47,B
23,71,B
87,20,B
14,75,B
60,97,A
92,80,A
30,49,C
87,10,B
83,86,A
58,95,A
17,72,B
94,43,B
73,74,A
56,23,C
48,74,B
66,78,A
33,74,B
53,68,B
59,33,B
75,58,B
40,97,B
98,98,A
26,78,B
68,58,B
29,37,C
65,67,B
48,41,B
67,95,A
79,65,A
90,13,B
62,59,B
43,15,C
45,89,B
96,66,A
23,44,C
69,60,B
77,62,B
63,54,B
33,45,C
35,14,C
19,59,C
71,20,B
11,71,B
13,32,C
30,29,C
80,59,B
72,12,B
97,18,B
42,13,C
59,78,B
52,27,C
86,67,A
42,97,B
41,29,C
75,32,B
60,26,B
32,42,C
36,69,B
51,74,B
88,89,A
48,73,B
10,25,C
77,17,B
70,11,B
39,56,B
26,33,C
53,31,B
43,43,B
78,49,B
90,38,B
68,19,B
90,33,B
58,39,B
15,47,C
65,31,B
100,22,B
18,31,C
30,21,C
60,45,B
73,12,B
31,64,B
42,43,B
48,43,B
27,45,C
82,40,B
74,98,A
43,99,A
93,82,A
59,88,A
78,100,A
30,73,B
93,54,A
92,17,B
47,56,B
74,75,A
29,38,C
70,68,B
81,63,A
30,89,B
79,21,B
53,83,B
50,87,B
25,65,B
11,43,C
22,82,B
57,42,B
100,37,B
85,22,B
57,52,B
23,80,B
50,74,B
23,51,C
51,21,C
51,23,C
37,60,B
29,88,B
63,29,B
72,62,B
90,60,A
77,52,B
86,58,A
40,87,B
62,37,B
61,31,B
35,22,C
50,25,C
24,94,B
21,19,C
21,37,C
53,86,B
49,52,B
20,94,B
92,73,A
68,43,B
75,100,A
78,100,A
11,23,C
50,62,B
36,13,C
62,64,B
56,44,B
58,11,C
11,33,C
52,78,B
37,32,C
68,100,A
46,71,B
18,28,C
83,31,B
19,24,C
29,81,B
22,78,B
91,93,A
43,22,C
56,85,A
80,37,B
51,77,B
76,29,B
67,69,B
77,99,A
90,42,B
54,94,A
71,12,B
37,93,B
85,17,B
50,43,B
60,89,A
13,84,B
36,19,C
16,15,C
67,38,B
100,62,A
60,45,B
63,29,B
12,47,C
54,23,C
42,17,C
81,85,A
89,15,B
95,94,A
37,45,B
72,51,B
73,58,B
52,61,B
15,17,C
91,28,B
100,42,A
39,11,C
50,60,B
85,46,B
28,72,B
12,40,C
11,61,C
94,71,A
69,64,B
75,78,A
63,38,B
81,15,B
76,44,B
49,100,A
81,99,A
44,25,C
55,16,C
77,94,A
98,33,B
89,14,B
66,31,B
58,80,B
35,11,C
70,47,B
51,93,A
29,35,C
84,79,A
29,45,C
28,81,B
44,78,B
12,40,C
67,60,B
33,23,C
62,15,C
85,36,B
74,88,A
68,15,B
96,46,A
95,77,A
39,41,B
86,28,B
38,24,C
28,81,B
79,57,B
64,50,B
72,29,B
69,59,B
59,16,C
89,89,A
28,54,B
91,15,B
45,83,B
13,14,C
15,55,C
46,62,B
46,19,C
42,42,B
91,21,B
70,12,B
43,92,B
45,87,B
67,70,B
22,18,C
30,73,B
65,46,B
89,19,B
13,59,C
34,51,B
90,80,A
26,53,C
56,58,B
98,78,A
76,51,B
15,33,C
37,71,B
72,47,B
85,34,B
53,87,A
50,99,A
33,13,C
43,52,B
88,92,A
66,92,A
19,54,C
83,100,A
31,38,C
81,81,A
29,74,B
93,33,B
76,64,A
35,88,B
90,60,A
31,89,B
55,47,B
12,13,C
23,10,C
55,37,B
100,70,A
56,95,A
95,32,B
91,49,A
73,43,B
88,98,A
81,90,A
44,86,B
19,62,B
78,81,A
41,31,C
66,46,B
27,46,C
98,36,B
65,100,A
48,47,B
91,36,B
29,67,B
62,95,A
15,96,B
36,54,B
55,24,C
52,32,B
57,63,B
95,20,B
93,75,A
16,61,C
75,94,A
51,30,B
61,79,A
20,100,B
38,21,C
65,62,B
79,64,A
93,24,B
55,10,C
19,37,C
99,87,A
41,66,B
26,78,B
55,32,B
87,77,A
78,18,B
64,84,A
79,58,B
31,24,C
80,98,A
41,66,B
95,68,A
17,65,B
55,77,B
34,30,C
44,38,B
19,58,C
39,54,B
44,56,B
54,75,B
13,43,C
80,17,B
32,62,B
45,68,B
90,89,A
33,75,B
42,81,B
38,83,B
36,27,C
94,36,B
12,64,C
38,32,C
50,57,B
38,44,B
45,97,A
29,57,B
65,57,B
64,69,B
53,40,B
99,37,B
100,22,B
61,39,B
39,22,C
67,56,B
22,92,B
43,62,B
29,16,C
84,33,B
67,79,A
19,43,C
48,95,A
77,35,B
67,96,A
80,87,A
16,77,B
25,51,C
23,83,B
63,97,A
81,44,B
52,74,B
27,98,B
100,15,B
64,60,B
10,94,B
32,98,B
19,78,B
98,47,A
36,44,B
26,16,C
40,66,B
100,27,B
36,79,B
29,48,C
95,74,A
29,29,C
98,18,B
78,70,A
44,13,C
14,18,C
71,88,A
98,37,B
48,93,A
23,38,C
87,71,A
94,11,B
83,52,B
24,34,C
77,91,A
54,68,B
56,28,B
16,49,C
88,60,A
12,80,B
21,83,B
83,96,A
93,63,A
90,95,A
55,86,A
49,71,B
52,76,B
79,86,A
90,100,A
68,38,B
27,68,B
51,25,C
72,60,B
67,88,A
54,88,A
29,62,B
13,36,C
29,66,B
86,36,B
20,37,C
61,75,B
66,13,C
37,36,C
65,61,B
76,79,A
44,97,A
62,68,B
69,41,B
34,41,C
13,92,B
36,44,B
45,81,B
17,75,B
50,86,B
65,64,B
37,20,C
74,34,B
76,32,B
34,71,B
86,70,A
53,58,B
64,30,B
55,40,B
31,17,C
82,95,A
44,65,B
55,29,B
14,96,B
59,40,B
84,45,B
68,78,A
27,80,B
39,76,B
68,64,B
90,46,B
24,26,C
68,71,B
98,38,B
54,89,A
16,96,B
51,15,C
48,37,B
19,56,C
77,43,B
71,77,A
78,17,B
48,20,C
78,89,A
20,44,C
70,32,B
11,80,B
32,30,C
36,66,B
86,90,A
80,77,A
34,89,B
24,23,C
20,47,C
48,50,B
21,67,B
97,75,A
31,48,C
99,23,B
76,22,B
60,74,B
51,22,C
25,97,B
43,81,B
54,39,B
70,11,B
36,13,C
28,88,B
81,84,A
39,89,B
84,41,B
70,90,A
94,80,A
47,46,B
18,58,C
90,25,B
91,16,B
97,89,A
69,13,B
15,21,C
96,75,A
29,51,B
90,39,B
37,92,B
14,62,C
39,19,C
41,13,C
38,63,B
57,28,B
83,35,B
58,87,A
18,30,C
25,89,B
49,40,B
88,32,B
10,68,C
71,77,A
20,61,B
27,21,C
63,34,B
27,99,B
100,32,B
62,27,B
95,30,B
26,20,C
45,82,B
87,28,B
94,18,B
32,44,C
21,33,C
38,15,C
58,79,B
70,73,A
43,28,C
76,78,A
50,42,B
60,64,B
89,70,A
31,99,B
88,24,B
56,61,B
82,66,A
41,70,B
37,22,C
95,85,A
94,27,B
30,16,C
68,77,A
91,95,A
59,77,B
71,17,B
37,93,B
21,32,C
29,40,C
53,62,B
35,38,C
27,64,B
14,95,B
78,97,A
70,66,B
64,73,B
19,42,C
10,11,C
85,85,A
24,93,B
26,45,C
56,83,B
52,18,C
69,13,B
68,85,A
98,27,B
100,39,B
74,25,B
59,14,C
14,93,B
76,92,A
55,64,B
15,37,C
28,25,C
93,36,B
36,100,B
63,56,B
19,58,C
47,84,B
49,63,B
88,81,A
10,90,B
57,24,B
91,34,B
26,38,C
40,18,C
57,20,C
55,54,B
43,38,B
66,19,B
17,32,C
86,73,A
40,52,B
49,33,B
94,45,B
41,40,B
22,30,C
24,67,B
28,25,C
51,81,B
15,78,B
99,76,A
89,74,A
54,98,A
55,100,A
13,26,C
96,13,B
12,34,C
51,97,A
79,89,A
56,11,C
99,22,B
51,79,B
98,44,A
19,85,B
22,59,B
16,86,B
82,86,A
84,75,A
73,12,B
25,24,C
43,12,C
59,31,B
77,53,B
57,55,B
24,99,B
16,79,B
26,16,C
34,66,B
54,58,B
29,54,B
78,35,B
84,64,A
74,87,A
86,28,B
28,96,B
49,35,B
33,77,B
48,82,B
35,95,B
80,27,B
92,35,B
26,34,C
29,28,C
85,97,A
99,60,A
64,36,B
39,60,B
63,76,B
39,51,B
36,48,B
88,54,A
89,80,A
11,55,C
56,86,A
44,26,C
53,29,B
19,56,C
72,29,B
39,21,C
18,61,C
15,88,B
11,31,C
76,94,A
87,53,A
97,50,A
45,75,B
12,70,B
46,47,B
15,63,C
81,17,B
41,60,B
37,44,B
29,17,C
23,23,C
76,23,B
49,72,B
72,42,B
47,88,B
29,10,C
98,46,A
61,23,B
31,20,C
28,68,B
13,30,C
15,32,C
85,95,A
69,96,A
11,24,C
99,91,A
12,22,C
82,21,B
92,22,B
14,91,B
78,91,A
86,61,A
82,83,A
49,18,C
11,44,C
33,15,C
17,57,C
30,48,C
32,53,B
55,80,B
62,46,B
99,62,A
27,18,C
84,88,A
76,88,A
62,15,C
94,27,B
36,29,C
45,14,C
70,39,B
54,19,C
74,40,B
17,26,C
53,60,B
51,49,B
19,37,C
15,31,C
15,67,B
47,20,C
62,42,B
28,30,C
91,11,B
37,90,B
74,68,A
51,32,B
32,19,C
99,93,A
84,82,A
13,22,C
82,36,B
38,24,C
39,57,B
14,51,C
63,79,A
38,53,B
11,91,B
41,86,B
46,14,C
71,26,B
25,17,C
25,83,B
18,74,B
12,90,B
56,43,B
19,29,C
72,71,A
58,30,B
14,18,C
18,38,C
45,44,B
77,79,A
75,98,A
24,46,C
85,100,A
55,60,B
39,53,B
58,66,B
26,49,C
12,57,C
13,29,C
54,45,B
81,90,A
17,38,C
82,77,A
66,91,A
37,95,B
62,83,A
48,29,C
82,63,A
96,55,A
81,91,A
74,28,B
37,41,C
55,37,B
27,83,B
28,61,B
76,53,B
60,26,B
20,75,B
44,26,C
43,83,B
38,99,B
72,12,B
28,78,B
96,27,B
47,79,B
68,12,B
16,45,C
54,78,B
47,91,B
27,21,C
32,44,C
69,73,A
37,17,C
56,100,A
99,73,A
47,40,B
20,90,B
37,53,B
49,92,A
71,94,A
61,63,B
15,60,C
90,21,B
62,54,B
90,11,B
63,58,B
100,13,B
87,37,B
18,47,C
33,92,B
57,97,A
42,55,B
95,93,A
82,24,B
33,78,B
16,81,B
17,37,C
44,75,B
89,66,A
90,20,B
18,55,C
19,42,C
99,23,B
68,29,B
46,35,B
100,26,B
50,41,B
16,53,C
34,87,B
15,46,C
35,19,C
29,98,B
94,74,A
58,81,B
29,66,B
43,17,C
95,58,A
20,13,C
64,72,B
79,60,B
22,50,C
67,72,B
91,36,B
64,42,B
20,44,C
92,100,A
16,94,B
42,30,C
63,67,B
23,83,B
46,53,B
55,90,A
85,82,A
60,24,B
55,65,B
41,91,B
94,43,B
15,80,B
37,69,B
53,57,B
100,90,A
63,91,A
73,13,B
81,75,A
19,30,C
78,48,B
37,74,B
64,14,C
77,53,B
23,54,C
96,44,A
41,53,B
51,96,A
40,36,C
74,22,B
59,84,A
72,68,A
66,56,B
30,82,B
98,51,A
35,90,B
35,83,B
94,43,B
72,54,B
57,68,B
55,23,C
81,96,A
55,30,B
20,74,B
24,52,C
24,50,C
79,43,B
19,27,C
96,83,A
22,41,C
75,93,A
87,22,B
100,99,A
50,33,B
90,85,A
67,89,A
33,84,B
82,47,B
44,84,B
85,69,A
14,98,B
62,61,B
86,24,B
36,72,B
70,13,B
28,29,C
98,37,B
67,97,A
62,19,B
10,81,B
41,96,B
90,20,B
16,24,C
23,83,B
63,71,B
68,96,A
91,49,A
39,68,B
33,92,B
82,56,B
80,94,A
39,72,B
63,59,B
85,54,B
48,28,C
88,21,B
40,38,C
34,34,C
64,86,A
75,29,B
90,85,A
98,29,B
68,21,B
38,63,B
36,53,B
78,39,B
38,71,B
73,83,A
57,88,A
48,35,B
57,84,A
71,69,A
95,56,A
96,28,B
22,41,C
54,18,C
59,70,B
87,78,A
43,63,B
58,41,B
88,13,B
83,51,B
13,72,B
93,59,A
65,83,A
60,24,B
73,59,B
59,87,A
96,17,B
16,86,B
48,67,B
44,12,C
50,36,B
39,86,B
21,98,B
43,60,B
48,56,B
39,18,C
76,24,B
29,13,C
44,76,B
12,28,C
23,64,B
55,33,B
44,41,B
55,62,B
32,52,B
78,42,B
75,55,B
78,76,A
52,36,B
34,34,C
26,87,B
24,22,C
71,73,A
34,78,B
30,87,B
60,86,A
97,59,A
79,55,B
31,80,B
55,14,C
65,62,B
66,87,A
32,96,B
82,21,B
75,93,A
49,14,C
65,92,A
49,19,C
47,46,B
67,89,A
59,85,A
23,95,B
100,48,A
84,83,A
61,66,B
82,66,A
61,35,B
85,99,A
64,97,A
84,59,A
85,27,B
26,16,C
54,43,B
76,25,B
83,98,A
79,58,B
52,96,A
64,63,B
88,94,A
17,95,B
66,76,A
21,55,C
97,15,B
51,40,B
46,41,B
32,26,C
61,67,B
47,34,B
24,62,B
17,49,C
95,51,A
68,39,B
61,12,C
24,82,B
19,76,B
37,49,B
53,20,C
63,66,B
69,68,B
63,54,B
72,42,B
39,42,B
81,59,A
69,10,C
69,52,B
74,73,A
96,72,A
54,32,B
27,15,C
85,23,B
55,83,B
71,46,B
88,17,B
82,47,B
10,80,B
16,78,B
96,92,A
58,90,A
55,68,B
59,24,B
38,36,C
50,88,B
89,74,A
36,32,C
27,57,B
84,30,B
55,95,A
53,78,B
22,36,C
73,60,B
85,81,A
63,44,B
38,56,B
52,88,A
16,82,B
20,52,C
100,42,A
71,44,B
66,76,A
21,95,B
37,93,B
37,67,B
52,16,C
16,34,C
21,67,B
30,66,B
81,53,B
90,10,B
49,20,C
34,68,B
15,74,B
96,37,B
35,83,B
87,89,A
14,24,C
18,67,B
46,50,B
49,10,C
40,85,B
15,97,B
85,69,A
37,10,C
93,75,A
69,55,B
72,60,B
52,15,C
26,44,C
24,80,B
58,35,B
72,93,A
96,87,A
13,76,B
68,34,B
28,14,C
98,79,A
82,79,A
28,91,B
80,17,B
84,69,A
25,51,C
59,100,A
41,82,B
58,27,B
30,76,B
55,70,B
66,45,B
83,32,B
42,44,B
75,22,B
59,71,B
54,54,B
99,51,A
11,30,C
29,70,B
93,12,B
85,85,A
41,23,C
26,89,B
51,100,A
24,31,C
81,21,B
99,11,B
10,63,C
78,29,B
27,51,C
55,40,B
63,75,B
12,31,C
20,56,C
17,71,B
72,87,A
26,28,C
70,65,B
91,16,B
74,15,B
58,73,B
87,28,B
97,92,A
92,13,B
23,24,C
35,62,B
59,72,B
32,14,C
47,64,B
46,35,B
86,34,B
15,76,B
79,98,A
32,61,B
36,51,B
96,25,B
82,34,B
19,83,B
58,99,A
75,88,A
34,87,B
46,83,B
21,35,C
91,37,B
88,79,A
71,64,B
83,78,A
13,44,C
15,40,C
79,56,B
82,57,B
24,79,B
92,29,B
16,99,B
33,51,B
47,61,B
94,25,B
74,99,A
82,82,A
42,82,B
13,31,C
72,48,B
30,82,B
52,31,B
73,100,A
79,14,B
39,77,B
24,84,B
10,15,C
61,26,B
15,13,C
20,35,C
92,40,B
59,45,B
49,21,C
42,76,B
33,24,C
85,47,B
56,84,A
70,86,A
93,82,A
89,15,B
12,31,C
56,14,C
39,58,B
36,35,C
97,86,A
59,35,B
44,71,B
45,86,B
15,61,C
97,95,A
98,27,B
68,73,A
43,38,B
19,32,C
73,53,B
80,48,B
84,10,B
49,92,A
25,87,B
90,90,A
22,55,C
42,69,B
54,29,B
29,57,B
61,43,B
88,80,A
12,67,C
86,72,A
80,33,B
100,54,A
51,83,B
29,74,B
84,83,A
92,35,B
22,72,B
73,38,B
33,100,B
38,65,B
90,33,B
59,61,B
57,92,A
70,77,A
32,86,B
17,37,C
90,28,B
49,92,A
69,77,A
17,97,B
50,52,B
72,35,B
56,61,B
90,91,A
39,10,C
58,81,B
96,86,A
19,55,C
54,25,C
83,22,B
12,32,C
47,43,B
15,45,C
72,14,B
52,27,C
27,14,C
26,80,B
35,19,C
29,54,B
100,53,A
65,47,B
93,54,A
44,82,B
87,80,A
63,27,B
76,26,B
34,63,B
37,90,B
46,91,B
27,50,C
30,34,C
50,33,B
99,14,B
74,93,A
24,68,B
82,10,B
65,59,B
74,65,B
55,93,A
69,47,B
71,90,A
32,99,B
60,57,B
24,71,B
62,55,B
63,70,B
72,16,B
23,10,C
50,31,B
73,94,A
47,59,B
95,93,A
14,42,C
77,92,A
96,30,B
96,53,A
77,44,B
21,49,C
78,77,A
24,19,C
85,60,A
52,17,C
14,34,C
98,16,B
57,84,A
95,28,B
68,93,A
10,25,C
54,98,A
86,10,B
27,95,B
62,83,A
20,55,C
19,28,C
21,97,B
10,28,C
55,100,A
38,63,B
100,75,A
79,31,B
75,38,B
40,19,C
16,28,C
56,63,B
86,48,B
86,23,B
67,75,A
79,88,A
21,62,B
66,13,C
17,72,B
36,38,C
40,14,C
48,66,B
64,51,B
22,78,B
27,28,C
29,60,B
65,19,B
33,86,B
72,21,B
87,65,A
51,96,A
48,62,B
79,49,B
41,63,B
83,71,A
45,55,B
35,44,C
59,91,A
43,39,B
10,15,C
35,78,B
84,95,A
71,52,B
47,16,C
51,78,B
64,15,C
16,10,C
93,21,B
35,87,B
14,29,C
59,37,B
50,71,B
63,87,A
17,99,B
66,33,B
33,100,B
89,58,A
82,19,B
13,62,C
97,95,A
65,79,A
89,75,A
19,71,B
67,16,B
81,35,B
57,88,A
70,96,A
61,76,B
76,93,A
68,53,B
52,54,B
47,66,B
29,24,C
35,53,B
31,80,B
84,63,A
40,88,B
80,82,A
26,37,C
29,42,C
49,21,C
60,78,B
39,78,B
24,75,B
88,15,B
12,74,B
88,83,A
45,46,B
35,52,B
21,24,C
66,37,B
50,11,C
17,48,C
29,86,B
44,41,B
12,12,C
36,46,B
90,17,B
16,87,B
19,44,C
24,69,B
52,44,B
43,24,C
42,23,C
30,78,B
82,68,A
65,50,B
56,10,C
60,80,A
97,41,B
96,34,B
15,95,B
21,69,B
11,90,B
71,66,B
47,96,A
14,21,C
26,97,B
90,100,A
88,44,B
86,14,B
41,15,C
17,14,C
47,55,B
22,70,B
37,35,C
61,79,A
30,66,B
43,64,B
28,77,B
90,74,A
92,94,A
85,74,A
87,27,B
55,37,B
32,100,B
29,88,B
15,14,C
64,94,A
51,96,A
50,18,C
89,67,A
65,63,B
74,11,B
94,96,A
56,68,B
78,99,A
18,84,B
46,94,A
74,82,A
77,60,B
17,89,B
42,81,B
31,44,C
10,50,C
13,36,C
27,100,B
84,23,B
75,14,B
95,41,B
49,46,B
83,76,A
87,25,B
40,99,B
88,88,A
35,53,B
25,36,C
82,87,A
76,55,B
71,59,B
13,91,B
67,38,B
48,31,C
31,14,C
86,63,A
59,28,B
91,26,B
55,55,B
68,35,B
78,63,A
27,63,B
28,46,C
85,31,B
85,41,B
47,10,C
65,76,A
33,64,B
50,12,C
63,74,B
33,26,C
74,67,A
100,34,B
67,31,B
80,81,A
86,38,B
45,77,B
56,44,B
98,39,B
99,24,B
85,73,A
11,25,C
80,93,A
39,55,B
38,25,C
14,77,B
75,78,A
29,38,C
65,43,B
82,48,B
75,61,B
23,43,C
61,39,B
60,30,B
29,22,C
61,64,B
74,98,A
24,78,B
79,11,B
38,34,C
17,99,B
37,19,C
74,59,B
23,81,B
55,65,B
12,15,C
88,46,B
30,80,B
75,74,A
77,70,A
36,20,C
42,37,C
73,36,B
85,51,B
82,70,A
17,84,B
98,97,A
73,93,A
41,33,C
61,73,B
63,72,B
19,94,B
16,27,C
20,11,C
100,30,B
16,62,C
89,35,B
82,36,B
41,55,B
94,88,A
94,43,B
79,36,B
34,94,B
25,100,B
43,82,B
62,39,B
34,53,B
29,84,B
87,33,B
10,10,C
40,23,C
85,29,B
81,56,B
44,33,C
98,39,B
73,62,B
55,48,B
43,49,B
83,50,B
28,44,C
23,87,B
23,64,B
43,65,B
10,83,B
56,88,A
12,60,C
70,90,A
45,92,B
98,78,A
52,53,B
41,23,C
95,49,A
21,19,C
94,13,B
62,10,C
71,76,A
92,81,A
85,60,A
65,82,A
56,64,B
72,23,B
56,100,A
19,88,B
32,62,B
92,97,A
45,59,B
43,87,B
32,49,B
42,32,C
53,48,B
70,65,B
72,55,B
15,81,B
42,92,B
38,93,B
21,55,C
71,73,A
79,20,B
73,18,B
57,45,B
80,67,A
44,82,B
53,96,A
34,47,B
72,14,B
38,53,B
71,61,B
87,27,B
46,93,B
14,89,B
26,15,C
97,64,A
41,37,C
84,70,A
68,53,B
77,65,A
26,68,B
42,78,B
62,68,B
34,28,C
12,57,C
64,61,B
81,60,A
62,61,B
38,50,B
96,54,A
11,50,C
10,76,B
56,79,B
84,84,A
81,90,A
71,75,A
13,55,C
43,69,B
18,60,C
33,52,B
62,19,B
28,19,C
86,46,B
27,68,B
75,100,A
24,52,C
44,37,B
35,33,C
45,18,C
84,28,B
82,58,A
49,33,B
19,42,C
21,91,B
90,13,B
24,70,B
38,13,C
85,78,A
53,12,C
99,35,B
24,46,C
49,72,B
38,79,B
28,57,B
61,84,A
21,24,C
47,49,B
93,98,A
51,42,B
11,17,C
75,89,A
71,15,B
18,72,B
62,71,B
50,54,B
41,67,B
91,47,B
24,38,C
100,13,B
40,99,B
16,48,C
31,15,C
66,74,A
49,99,A
22,52,C
25,93,B
36,55,B
62,17,C
80,12,B
75,38,B
44,76,B
41,84,B
85,91,A
19,11,C
61,32,B
14,33,C
18,28,C
23,67,B
60,47,B
79,70,A
40,51,B
45,51,B
96,72,A
61,47,B
85,80,A
82,62,A
66,48,B
37,10,C
53,90,A
37,88,B
53,58,B
83,40,B
18,45,C
14,70,B
15,26,C
74,89,A
28,28,C
76,23,B
13,54,C
44,16,C
86,63,A
44,81,B
83,35,B
34,56,B
50,14,C
66,94,A
59,44,B
59,15,C
79,41,B
21,81,B
89,76,A
30,59,B
87,48,B
60,54,B
60,87,A
69,83,A
74,79,A
19,13,C
94,50,A
63,34,B
13,75,B
84,44,B
56,89,A
85,47,B
25,42,C
13,55,C
98,53,A
81,40,B
96,74,A
95,72,A
55,71,B
30,21,C
35,94,B
32,84,B
72,95,A
98,57,A
14,87,B
74,87,A
43,22,C
36,34,C
30,72,B
66,81,A
92,64,A
55,40,B
61,72,B
22,81,B
71,48,B
22,83,B
37,10,C
53,72,B
50,70,B
34,22,C
63,23,B
29,46,C
93,17,B
27,67,B
81,92,A
52,39,B
61,46,B
90,86,A
21,15,C
47,33,B
87,80,A
16,62,C
73,27,B
49,67,B
88,43,B
70,20,B
44,92,B
83,85,A
63,12,C
80,33,B
62,61,B
19,95,B
76,48,B
54,46,B
39,50,B
53,59,B
58,94,A
92,18,B
14,38,C
81,46,B
72,12,B
96,23,B
60,71,B
90,26,B
84,42,B
57,17,C
96,64,A
97,77,A
92,23,B
60,43,B
98,88,A
87,12,B
43,11,C
77,74,A
46,28,C
61,32,B
41,45,B
76,38,B
78,79,A
50,16,C
72,76,A
68,83,A
12,71,B
62,68,B
27,22,C
84,52,B
42,23,C
12,87,B
49,98,A
85,86,A
66,30,B
35,42,C
28,70,B
41,84,B
72,72,A
61,35,B
86,94,A
65,50,B
77,60,B
44,94,B
45,37,B
96,15,B
35,45,B
19,88,B
66,69,B
10,83,B
85,26,B
72,91,A
52,61,B
93,57,A
31,19,C
17,64,B
71,83,A
10,38,C
37,35,C
30,57,B
54,61,B
25,49,C
46,85,B
73,26,B
22,14,C
59,10,C
73,37,B
63,61,B
84,18,B
68,84,A
62,54,B
40,47,B
72,90,A
48,11,C
65,43,B
34,71,B
41,59,B
61,90,A
88,11,B
13,100,B
96,89,A
32,12,C
23,98,B
91,78,A
93,66,A
75,81,A
57,96,A
75,38,B
92,89,A
74,81,A
26,59,B
43,96,B
63,82,A
98,17,B
71,80,A
11,22,C
77,28,B
85,71,A
10,81,B
52,71,B
35,50,B
68,60,B
17,97,B
91,25,B
23,76,B
85,20,B
29,97,B
68,36,B
67,98,A
26,51,C
42,95,B
86,87,A
33,21,C
13,95,B
55,57,B
87,64,A
89,75,A
53,18,C
13,16,C
87,77,A
32,28,C
18,59,C
14,78,B
100,11,B
97,68,A
77,30,B
52,78,B
23,88,B
29,76,B
56,50,B
65,35,B
73,18,B
14,48,C
87,44,B
32,35,C
99,23,B
66,69,B
44,62,B
33,59,B
12,30,C
59,68,B
91,65,A
86,14,B
66,59,B
66,48,B
63,92,A
39,83,B
95,60,A
21,21,C
76,73,A
25,30,C
24,95,B
51,84,B
62,66,B
73,30,B
53,94,A
100,69,A
98,58,A
20,32,C
67,75,A
12,94,B
77,90,A
66,12,C
12,76,B
91,92,A
98,26,B
80,94,A
63,10,C
40,92,B
58,85,A
75,96,A
70,76,A
37,89,B
53,12,C
54,51,B
34,47,B
57,43,B
42,14,C
77,65,A
55,46,B
16,100,B
54,24,C
62,52,B
13,40,C
71,24,B
90,34,B
46,88,B
89,54,A
81,13,B
84,74,A
23,64,B
97,17,B
92,19,B
55,56,B
48,28,C
38,99,B
85,74,A
56,73,B
18,49,C
31,86,B
30,77,B
38,39,C
66,45,B
92,43,B
86,34,B
74,68,A
26,18,C
72,95,A
21,77,B
12,32,C
96,45,A
56,67,B
54,36,B
18,49,C
41,46,B
20,53,C
59,31,B
21,83,B
46,45,B
91,49,A
96,61,A
60,30,B
21,22,C
18,78,B
54,40,B
92,42,B
64,50,B
26,98,B
83,36,B
16,15,C
81,52,B
24,64,B
96,51,A
34,24,C
64,39,B
42,11,C
67,67,B
68,52,B
70,41,B
32,86,B
71,32,B
40,18,C
63,84,A
13,45,C
81,55,B
75,58,B
14,27,C
63,28,B
76,58,B
12,29,C
84,19,B
74,29,B
21,68,B
32,69,B
54,44,B
67,40,B
78,30,B
18,87,B
73,55,B
45,79,B
77,73,A
67,78,A
32,19,C
32,32,C
87,97,A
22,98,B
93,22,B
43,60,B
65,39,B
67,63,B
20,74,B
83,85,A
59,21,B
86,53,B
18,100,B
75,51,B
32,13,C
66,59,B
42,64,B
16,28,C
38,22,C
85,58,A
99,39,B
30,47,C
32,17,C
89,27,B
84,41,B
89,14,B
29,58,B
76,54,B
73,89,A
26,97,B
69,17,B
68,48,B
61,98,A
23,71,B
18,29,C
79,79,A
87,79,A
20,58,C
82,19,B
23,18,C
99,53,A
28,49,C
97,12,B
11,65,C
73,11,B
53,83,B
16,51,C
44,68,B
53,30,B
92,47,B
28,47,C
64,24,B
99,20,B
58,83,A
16,58,C
81,99,A
57,16,C
19,94,B
90,28,B
35,91,B
54,60,B
50,97,A
50,37,B
72,94,A
21,28,C
86,23,B
20,87,B
21,90,B
16,55,C
96,16,B
68,28,B
59,34,B
15,11,C
40,79,B
38,35,C
59,23,B
40,25,C
52,49,B
73,21,B
69,15,B
32,20,C
84,56,A
86,26,B
10,71,B
67,90,A
23,95,B
11,67,C
39,52,B
99,30,B
59,69,B
83,72,A
97,41,B
89,32,B
51,72,B
95,81,A
32,32,C
61,76,B
80,54,B
18,85,B
27,70,B
57,37,B
40,85,B
52,55,B
27,85,B
15,14,C
54,73,B
12,98,B
99,29,B
36,26,C
95,18,B
24,35,C
76,82,A
64,22,B
94,73,A
12,68,B
68,95,A
58,19,C
84,39,B
57,66,B
33,96,B
20,78,B
39,43,B
21,35,C
49,89,B
40,33,C
27,14,C
49,68,B
91,17,B
45,81,B
60,15,C
69,42,B
30,95,B
36,42,C
47,42,B
23,23,C
76,49,B
38,25,C
85,13,B
17,88,B
50,96,A
92,37,B
66,13,C
60,16,C
33,16,C
50,23,C
83,80,A
20,52,C
59,21,B
67,39,B
46,17,C
28,77,B
75,74,A
47,66,B
43,86,B
18,34,C
88,48,B
28,54,B
71,36,B
45,41,B
79,29,B
69,91,A
43,88,B
93,83,A
73,25,B
87,57,A
61,50,B
98,10,B
14,30,C
78,94,A
92,38,B
48,31,C
41,88,B
31,63,B
84,24,B
72,31,B
51,17,C
84,19,B
17,56,C
26,81,B
97,39,B
63,25,B
30,77,B
26,70,B
47,26,C
83,10,B
28,86,B
67,45,B
91,34,B
47,27,C
59,85,A
48,32,B
70,48,B
80,83,A
17,42,C
60,43,B
73,54,B
81,43,B
42,54,B
29,80,B
33,50,B
57,87,A
87,70,A
14,62,C
45,56,B
71,66,B
50,31,B
20,57,C
23,98,B
80,67,A
89,99,A
20,65,B
23,37,C
29,88,B
18,18,C
42,18,C
30,17,C
84,39,B
30,17,C
54,66,B
74,79,A
58,73,B
25,34,C
62,40,B
90,66,A
64,58,B
16,59,C
100,64,A
10,46,C
97,84,A
98,59,A
84,75,A
97,37,B
51,94,A
13,87,B
27,41,C
43,37,B
27,53,B
76,58,B
28,12,C
27,70,B
24,48,C
69,44,B
11,35,C
34,91,B
47,75,B
79,66,A
88,33,B
55,100,A
65,90,A
70,46,B
69,77,A
11,59,C
65,46,B
55,41,B
42,96,B
58,62,B
53,59,B
86,37,B
97,26,B
83,14,B
17,47,C
41,58,B
75,87,A
68,75,A
79,92,A
99,41,A
99,71,A
40,39,C
72,93,A
42,22,C
81,61,A
81,47,B
13,26,C
13,76,B
64,13,C
18,90,B
60,43,B
44,47,B
44,98,A
39,74,B
25,99,B
98,87,A
31,29,C
48,10,C
78,45,B
19,76,B
68,77,A
81,67,A
81,81,A
33,23,C
74,55,B
50,69,B
98,21,B
44,47,B
64,37,B
46,58,B
97,10,B
29,12,C
89,79,A
45,10,C
28,88,B
37,41,C
60,93,A
76,74,A
100,33,B
17,72,B
91,89,A
23,57,B
98,63,A
48,85,B
96,28,B
74,97,A
29,29,C
54,75,B
65,94,A
82,30,B
85,95,A
29,12,C
30,74,B
17,52,C
25,47,C
82,92,A
49,46,B
59,19,C
63,67,B
100,61,A
77,27,B
63,39,B
51,46,B
82,43,B
42,99,A
45,85,B
86,98,A
42,96,B
66,62,B
27,97,B
49,58,B
45,14,C
57,14,C
88,88,A
46,72,B
49,23,C
62,63,B
44,92,B
44,15,C
56,87,A
63,49,B
43,89,B
57,96,A
78,79,A
90,57,A
91,68,A
52,72,B
31,55,B
32,92,B
73,81,A
93,36,B
12,35,C
79,66,A
74,23,B
28,90,B
53,59,B
91,82,A
19,32,C
50,38,B
47,76,B
100,24,B
53,58,B
37,21,C
19,18,C
98,78,A
28,96,B
72,35,B
16,76,B
17,28,C
33,29,C
63,75,B
24,51,C
66,97,A
77,73,A
41,96,B
16,85,B
16,45,C
26,45,C
42,17,C
81,52,B
77,52,B
99,97,A
26,90,B
63,41,B
33,82,B
16,71,B
42,48,B
96,39,B
79,39,B
90,34,B
53,61,B
65,82,A
76,51,B
53,83,B
96,22,B
94,46,A
94,43,B
49,27,C
34,71,B
66,36,B
52,48,B
82,90,A
54,73,B
11,90,B
30,87,B
89,35,B
14,62,C
91,60,A
21,13,C
44,26,C
47,47,B
55,70,B
66,65,B
27,16,C
69,79,A
68,62,B
56,73,B
66,73,B
46,39,B
28,48,C
27,76,B
14,69,B
94,43,B
44,71,B
62,34,B
76,54,B
91,20,B
85,87,A
69,38,B
32,89,B
84,10,B
41,85,B
99,89,A
12,10,C
39,12,C
43,28,C
59,57,B
81,62,A
76,76,A
69,66,B
26,72,B
95,25,B
98,60,A
85,59,A
27,30,C
76,75,A
55,46,B
47,82,B
62,43,B
75,35,B
37,55,B
25,26,C
25,64,B
28,12,C
25,71,B
88,56,A
75,50,B
66,63,B
37,75,B
59,58,B
23,24,C
17,96,B
60,25,B
94,80,A
56,31,B
86,62,A
69,37,B
50,15,C
69,34,B
40,91,B
99,72,A
41,92,B
100,23,B
84,31,B
50,41,B
11,25,C
11,67,C
52,90,A
25,53,C
34,44,C
95,87,A
59,63,B
38,13,C
31,47,C
20,50,C
27,86,B
73,85,A
80,85,A
45,89,B
38,10,C
56,53,B
98,55,A
45,34,C
27,75,B
79,62,A
52,17,C
35,67,B
85,17,B
90,82,A
10,65,C
93,35,B
32,40,C
12,25,C
62,20,B
99,46,A
11,22,C
17,27,C
31,42,C
25,80,B
82,88,A
34,29,C
61,37,B
88,86,A
47,61,B
51,48,B
80,36,B
80,90,A
48,60,B
44,59,B
29,26,C
42,43,B
73,65,B
80,57,B
72,37,B
66,68,B
26,63,B
96,81,A
71,63,B
77,88,A
11,65,C
28,20,C
47,79,B
80,78,A
89,62,A
58,71,B
34,56,B
39,62,B
61,42,B
89,47,B
60,25,B
47,26,C
78,65,A
25,52,C
93,80,A
21,15,C
42,53,B
75,50,B
91,51,A
15,82,B
55,40,B
35,87,B
81,29,B
93,91,A
66,13,C
57,16,C
61,28,B
20,57,C
100,87,A
21,25,C
68,16,B
92,52,A
14,94,B
38,19,C
62,18,B
100,21,B
86,53,B
42,51,B
10,85,B
72,61,B
93,55,A
12,31,C
83,87,A
63,32,B
48,41,B
77,71,A
65,63,B
59,65,B
100,69,A
50,18,C
87,41,B
21,42,C
19,79,B
59,27,B
71,50,B
17,70,B
32,75,B
46,19,C
84,10,B
65,64,B
43,75,B
38,66,B
29,14,C
15,27,C
25,43,C
59,90,A
69,75,A
85,11,B
50,44,B
69,27,B
60,37,B
99,10,B
10,33,C
14,53,C
20,56,C
95,86,A
66,69,B
26,77,B
11,24,C
76,91,A
64,81,A
24,25,C
26,97,B
20,84,B
93,71,A
28,20,C
14,43,C
29,72,B
45,47,B
91,46,B
43,25,C
97,46,A
80,72,A
58,29,B
39,46,B
39,22,C
89,98,A
98,20,B
12,38,C
43,86,B
24,55,C
64,44,B
84,60,A
78,20,B
24,66,B
52,41,B
91,63,A
21,49,C
78,93,A
21,78,B
39,38,C
97,86,A
43,86,B
32,61,B
92,42,B
30,93,B
26,56,B
96,31,B
27,21,C
73,17,B
52,39,B
46,58,B
47,10,C
61,22,B
14,69,B
79,58,B
38,13,C
72,79,A
72,59,B
70,26,B
81,60,A
25,73,B
22,33,C
39,46,B
70,95,A
45,58,B
28,15,C
17,86,B
11,92,B
51,47,B
81,52,B
99,92,A
16,36,C
91,96,A
77,80,A
96,74,A
27,21,C
83,77,A
62,57,B
99,17,B
14,11,C
27,98,B
28,90,B
76,38,B
55,38,B
88,20,B
79,47,B
11,96,B
96,73,A
74,95,A
28,86,B
84,53,B
38,13,C
30,73,B
57,53,B
73,41,B
51,79,B
61,50,B
86,86,A
15,16,C
57,90,A
47,78,B
75,85,A
64,64,B
44,76,B
61,29,B
47,55,B
31,21,C
23,22,C
41,53,B
81,80,A
18,34,C
89,54,A
12,72,B
23,14,C
82,50,B
84,14,B
72,85,A
19,68,B
23,46,C
80,60,A
79,88,A
37,98,B
48,49,B
67,90,A
16,41,C
69,14,B
53,61,B
17,56,C
51,89,A
53,19,C
94,93,A
57,74,B
82,93,A
57,36,B
17,28,C
89,25,B
18,11,C
26,61,B
53,29,B
63,88,A
61,26,B
75,93,A
13,80,B
38,33,C
63,70,B
41,36,C
88,77,A
53,66,B
37,95,B
12,19,C
52,36,B
23,85,B
41,66,B
87,69,A
19,92,B
74,33,B
33,69,B
47,49,B
63,49,B
11,93,B
30,48,C
69,76,A
17,80,B
94,86,A
91,96,A
56,29,B
70,65,B
49,12,C
58,73,B
80,48,B
50,33,B
47,27,C
42,54,B
87,58,A
38,98,B
97,81,A
75,60,B
87,94,A
59,79,B
62,22,B
81,68,A
63,23,B
57,85,A
84,81,A
42,63,B
35,35,C
31,100,B
47,10,C
100,94,A
33,31,C
47,75,B
28,95,B
92,45,B
79,35,B
93,65,A
82,45,B
35,78,B
44,29,C
30,82,B
65,41,B
17,87,B
40,54,B
47,82,B
60,55,B
35,92,B
30,93,B
67,97,A
26,14,C
94,94,A
25,28,C
32,43,C
95,79,A
81,44,B
55,15,C
55,31,B
70,19,B
27,22,C
82,37,B
73,20,B
77,15,B
10,21,C
34,63,B
83,40,B
48,81,B
12,69,B
38,30,C
34,65,B
20,24,C
11,67,C
73,94,A
95,70,A
60,40,B
18,45,C
16,49,C
39,84,B
38,13,C
65,16,B
49,60,B
36,94,B
26,18,C
44,74,B
82,10,B
25,31,C
30,10,C
86,91,A
95,94,A
99,63,A
47,95,A
37,87,B
73,100,A
59,21,B
28,43,C
92,86,A
95,58,A
75,54,B
52,49,B
33,68,B
41,25,C
79,74,A
29,81,B
55,45,B
68,54,B
30,80,B
63,99,A
13,91,B
48,64,B
31,88,B
75,70,A
92,44,B
79,88,A
56,57,B
83,36,B
42,89,B
64,37,B
55,81,B
65,67,B
30,34,C
68,24,B
30,42,C
87,36,B
74,97,A
22,43,C
44,29,C
81,74,A
79,35,B
47,59,B
54,98,A
100,29,B
11,74,B
89,32,B
75,50,B
44,24,C
28,45,C
37,32,C
75,58,B
98,92,A
47,88,B
16,51,C
91,39,B
86,97,A
46,45,B
83,50,B
54,66,B
48,14,C
49,94,A
14,27,C
20,22,C
96,79,A
38,28,C
40,49,B
26,19,C
26,81,B
38,44,B
37,77,B
38,10,C
50,80,B
30,88,B
33,32,C
63,13,C
82,60,A
23,55,C
58,83,A
96,99,A
23,83,B
96,88,A
49,77,B
83,55,B
15,39,C
85,73,A
14,58,C
89,99,A
52,20,C
68,64,B
10,96,B
10,97,B
16,49,C
83,18,B
27,49,C
46,39,B
66,51,B
99,80,A
30,69,B
40,47,B
83,71,A
87,13,B
32,58,B
17,23,C
73,78,A
39,66,B
96,59,A
35,47,B
62,93,A
91,79,A
35,18,C
36,71,B
26,80,B
10,88,B
94,56,A
61,100,A
95,43,B
86,39,B
89,46,B
41,34,C
21,61,B
59,68,B
24,21,C
79,14,B
95,56,A
80,32,B
52,71,B
83,90,A
26,56,B
36,62,B
87,50,B
77,50,B
84,49,B
56,93,A
74,47,B
39,70,B
46,57,B
11,39,C
86,37,B
17,59,C
77,90,A
44,30,C
54,96,A
72,78,A
60,26,B
45,81,B
66,79,A
66,59,B
86,70,A
18,12,C
49,92,A
69,91,A
22,78,B
61,54,B
33,100,B
18,51,C
62,43,B
88,77,A
46,20,C
73,60,B
94,23,B
26,74,B
27,64,B
62,92,A
43,82,B
70,87,A
56,89,A
68,43,B
12,22,C
36,85,B
32,67,B
81,11,B
53,91,A
96,95,A
44,90,B
97,55,A
57,26,B
10,13,C
54,61,B
55,56,B
92,66,A
25,38,C
45,70,B
52,50,B
41,19,C
55,59,B
62,99,A
78,43,B
15,74,B
77,94,A
87,81,A
68,21,B
38,25,C
42,23,C
93,48,A
86,37,B
15,22,C
33,37,C
17,65,B
35,57,B
85,86,A
42,39,B
21,81,B
71,95,A
92,37,B
65,51,B
58,75,B
95,75,A
71,43,B
70,33,B
27,57,B
99,77,A
70,10,B
57,65,B
57,65,B
10,87,B
23,21,C
52,50,B
82,49,B
14,40,C
22,72,B
26,27,C
48,37,B
97,68,A
11,38,C
52,52,B
63,88,A
33,36,C
53,59,B
57,42,B
67,80,A
36,86,B
43,33,C
40,34,C
68,60,B
39,19,C
72,53,B
67,96,A
38,29,C
55,90,A
46,19,C
14,89,B
92,96,A
21,52,C
73,84,A
89,77,A
43,18,C
92,54,A
53,49,B
23,98,B
41,69,B
31,90,B
41,79,B
84,22,B
13,66,C
88,59,A
85,55,A
47,40,B
27,50,C
30,70,B
35,10,C
93,52,A
21,69,B
88,84,A
23,91,B
86,96,A
77,68,A
26,30,C
100,99,A
13,49,C
82,28,B
72,22,B
91,20,B
41,90,B
20,77,B
94,75,A
66,72,B
22,32,C
33,65,B
98,67,A
79,71,A
96,16,B
70,55,B
58,70,B
32,97,B
91,12,B
78,78,A
43,99,A
58,62,B
77,49,B
94,43,B
89,23,B
74,25,B
71,20,B
58,83,A
54,72,B
54,33,B
64,95,A
32,16,C
100,34,B
70,39,B
82,17,B
14,97,B
35,31,C
10,23,C
97,80,A
31,75,B
98,87,A
34,95,B
32,29,C
83,50,B
57,36,B
33,60,B
46,56,B
20,89,B
79,64,A
30,58,B
86,13,B
33,95,B
57,62,B
45,56,B
29,58,B
95,36,B
41,33,C
89,82,A
79,14,B
16,70,B
51,39,B
79,97,A
54,97,A
60,12,C
38,77,B
24,95,B
24,34,C
77,15,B
12,79,B
18,26,C
11,85,B
64,48,B
41,70,B
74,60,B
92,67,A
54,43,B
28,94,B
87,48,B
70,87,A
77,26,B
22,100,B
54,40,B
95,65,A
62,79,A
47,52,B
86,22,B
28,11,C
16,70,B
40,93,B
75,83,A
15,11,C
81,61,A
72,43,B
18,87,B
74,45,B
45,35,B
62,88,A
14,91,B
95,47,A
11,82,B
38,34,C
97,20,B
86,86,A
97,94,A
84,72,A
42,69,B
54,55,B
91,91,A
32,30,C
59,65,B
60,89,A
53,61,B
45,23,C
73,66,B
95,98,A
22,33,C
24,99,B
30,22,C
36,87,B
33,90,B
27,31,C
49,70,B
16,78,B
31,81,B
60,39,B
61,18,C
46,95,A
38,35,C
10,46,C
47,69,B
20,80,B
81,24,B
79,53,B
87,93,A
14,10,C
46,79,B
37,74,B
66,76,A
56,48,B
11,37,C
57,33,B
41,66,B
19,20,C
23,31,C
98,50,A
37,72,B
63,67,B
30,13,C
14,73,B
34,81,B
30,71,B
82,82,A
59,35,B
70,11,B
48,57,B
73,21,B
95,53,A
78,45,B
36,37,C
93,26,B
22,39,C
38,55,B
77,33,B
44,38,B
83,25,B
36,77,B
45,92,B
37,87,B
80,14,B
79,15,B
88,50,B
90,99,A
71,16,B
57,26,B
71,37,B
93,63,A
49,73,B
92,78,A
53,44,B
53,10,C
93,63,A
11,78,B
38,42,B
46,31,C
46,93,B
100,55,A
53,46,B
60,35,B
23,27,C
39,25,C
79,52,B
53,10,C
80,80,A
27,20,C
81,10,B
91,37,B
75,26,B
97,77,A
40,71,B
37,94,B
12,33,C
69,27,B
14,36,C
25,88,B
99,57,A
48,41,B
87,55,A
32,26,C
13,69,B
89,81,A
75,93,A
73,21,B
21,68,B
43,87,B
38,26,C
24,65,B
51,77,B
57,62,B
20,72,B
27,31,C
82,33,B
32,94,B
64,62,B
98,24,B
98,75,A
19,71,B
38,78,B
41,44,B
51,50,B
85,92,A
89,52,A
75,60,B
15,94,B
71,40,B
83,35,B
79,87,A
50,90,A
41,71,B
92,67,A
23,10,C
24,85,B
33,55,B
30,60,B
90,55,A
33,25,C
77,46,B
41,83,B
81,33,B
76,96,A
47,39,B
11,25,C
58,17,C
88,48,B
78,96,A
64,94,A
55,21,C
48,46,B
61,72,B
12,10,C
22,11,C
81,25,B
76,77,A
12,87,B
64,95,A
77,74,A
57,41,B
97,84,A
57,78,B
77,28,B
12,74,B
47,62,B
54,32,B
31,77,B
97,19,B
21,59,B
74,46,B
58,87,A
57,95,A
21,69,B
89,66,A
21,39,C
39,28,C
23,55,C
48,21,C
48,24,C
62,40,B
70,21,B
76,71,A
62,90,A
98,90,A
68,65,B
74,44,B
62,82,A
28,55,B
42,50,B
21,28,C
100,67,A
29,49,C
54,56,B
57,60,B
89,86,A
91,48,B
49,91,A
82,12,B
92,18,B
13,76,B
35,73,B
23,85,B
50,53,B
85,19,B
70,18,B
44,79,B
53,73,B
32,62,B
96,66,A
29,15,C
32,65,B
29,28,C
50,43,B
88,31,B
17,81,B
72,29,B
38,29,C
36,83,B
36,17,C
20,60,B
47,96,A
31,77,B
90,31,B
92,41,B
17,39,C
99,85,A
69,82,A
87,69,A
36,41,C
91,91,A
87,69,A
59,13,C
78,64,A
60,11,C
28,19,C
45,11,C
13,84,B
17,90,B
46,30,C
97,63,A
17,88,B
92,26,B
46,22,C
43,23,C
67,60,B
97,68,A
39,87,B
72,91,A
24,89,B
21,59,B
17,20,C
43,32,C
10,96,B
40,98,B
91,21,B
46,12,C
84,50,B
33,54,B
91,32,B
58,56,B
19,45,C
78,67,A
34,64,B
25,68,B
77,43,B
73,100,A
85,92,A
98,31,B
10,88,B
93,17,B
45,69,B
34,23,C
79,59,B
15,51,C
90,40,B
19,99,B
93,18,B
10,20,C
75,24,B
47,88,B
95,49,A
97,34,B
83,65,A
77,96,A
53,37,B
69,42,B
97,48,A
77,76,A
80,87,A
10,35,C
61,90,A
14,30,C
100,91,A
50,74,B
40,69,B
97,92,A
41,69,B
53,75,B
23,23,C
96,33,B
65,91,A
24,32,C
76,54,B
88,94,A
54,50,B
93,79,A
53,96,A
22,27,C
35,89,B
98,87,A
92,26,B
96,20,B
37,83,B
80,98,A
74,80,A
20,42,C
36,61,B
15,80,B
33,21,C
56,19,C
88,76,A
74,53,B
79,49,B
37,30,C
27,93,B
31,38,C
58,34,B
88,66,A
78,64,A
72,73,A
39,13,C
18,35,C
90,17,B
87,35,B
97,47,A
50,40,B
69,68,B
69,64,B
74,54,B
82,18,B
70,77,A
87,42,B
57,80,B
44,33,C
50,79,B
98,46,A
34,52,B
97,45,A
96,84,A
42,47,B
85,34,B
67,90,A
76,87,A
20,15,C
43,89,B
67,14,B
97,54,A
99,18,B
91,20,B
90,75,A
39,71,B
68,84,A
45,39,B
22,11,C
53,44,B
37,30,C
27,49,C
47,12,C
95,19,B
90,57,A
50,94,A
81,63,A
88,93,A
42,19,C
79,25,B
14,93,B
94,48,A
62,97,A
94,100,A
66,96,A
72,41,B
61,49,B
52,58,B
24,18,C
14,78,B
49,29,C
85,31,B
80,48,B
24,11,C
31,14,C
44,64,B
48,68,B
64,14,C
60,59,B
42,13,C
99,92,A
73,77,A
17,75,B
54,44,B
49,29,C
94,66,A
84,11,B
41,30,C
46,100,A
100,90,A
85,34,B
11,63,C
87,75,A
56,74,B
88,89,A
100,39,B
81,92,A
31,58,B
67,30,B
71,21,B
44,53,B
17,40,C
10,82,B
40,60,B
34,41,C
46,31,C
71,13,B
95,82,A
40,34,C
98,17,B
32,70,B
91,23,B
48,15,C
41,100,A
56,14,C
43,70,B
85,11,B
14,21,C
12,65,C
58,79,B
46,100,A
56,29,B
61,13,C
91,32,B
24,40,C
89,94,A
73,43,B
69,35,B
18,53,C
99,24,B
10,60,C
70,39,B
28,13,C
32,45,C
12,30,C
96,42,B
58,19,C
33,36,C
47,59,B
33,100,B
39,47,B
44,56,B
44,24,C
22,61,B
11,39,C
43,100,A
66,15,B
94,77,A
41,41,B
70,67,B
50,37,B
91,91,A
97,86,A
89,100,A
15,41,C
55,75,B
78,29,B
61,35,B
66,94,A
28,84,B
17,32,C
71,34,B
23,70,B
73,71,A
61,12,C
71,13,B
20,33,C
73,27,B
89,55,A
36,18,C
62,92,A
95,98,A
71,89,A
88,67,A
39,84,B
78,57,B
54,69,B
88,35,B
83,23,B
29,23,C
35,79,B
21,81,B
75,70,A
62,67,B
14,36,C
55,21,C
24,10,C
27,73,B
61,20,B
41,45,B
10,60,C
70,65,B
48,24,C
37,30,C
38,12,C
98,51,A
87,27,B
28,64,B
29,32,C
14,52,C
56,19,C
40,20,C
15,31,C
23,36,C
17,90,B
71,55,B
53,12,C
32,51,B
45,27,C
60,90,A
83,62,A
99,34,B
22,64,B
60,35,B
60,27,B
39,51,B
83,21,B
42,70,B
28,41,C
32,57,B
15,43,C
94,60,A
48,59,B
93,82,A
30,45,C
62,46,B
37,77,B
16,50,C
59,18,C
72,56,B
20,19,C
14,40,C
23,73,B
74,97,A
20,27,C
32,35,C
19,20,C
10,78,B
89,90,A
85,43,B
88,80,A
30,18,C
91,84,A
71,23,B
51,95,A
58,21,C
84,72,A
80,60,A
10,78,B
76,100,A
47,21,C
80,99,A
58,42,B
50,100,A
81,27,B
12,75,B
23,51,C
69,20,B
90,62,A
92,70,A
30,73,B
75,66,A
38,35,C
64,99,A
66,42,B
79,52,B
64,62,B
69,67,B
56,96,A
88,64,A
92,84,A
95,94,A
65,91,A
83,57,A
100,10,B
19,97,B
87,36,B
34,26,C
31,22,C
45,51,B
41,35,C
58,86,A
99,68,A
98,56,A
90,82,A
78,79,A
94,85,A
62,54,B
92,93,A
72,79,A
64,17,B
17,59,C
75,55,B
22,60,B
21,92,B
45,82,B
33,55,B
24,87,B
58,51,B
82,48,B
48,78,B
74,43,B
33,70,B
80,21,B
18,33,C
85,53,B
94,91,A
84,72,A
53,95,A
25,89,B
13,95,B
34,80,B
88,95,A
45,10,C
54,92,A
81,53,B
69,14,B
20,90,B
27,84,B
98,40,B
22,10,C
96,77,A
76,47,B
29,81,B
12,21,C
45,86,B
29,61,B
50,66,B
99,69,A
44,66,B
98,37,B
14,96,B
98,88,A
34,53,B
59,30,B
94,90,A
87,59,A
55,41,B
19,50,C
46,13,C
79,89,A
77,35,B
85,25,B
21,62,B
47,40,B
94,69,A
70,91,A
18,22,C
71,31,B
36,21,C
39,15,C
95,54,A
39,27,C
99,83,A
16,59,C
32,90,B
15,39,C
73,52,B
25,52,C
41,60,B
11,92,B
89,75,A
78,28,B
44,42,B
97,56,A
48,57,B
34,17,C
75,56,B
20,27,C
32,89,B
52,30,B
66,30,B
61,25,B
52,29,B
21,81,B
46,89,B
74,72,A
66,28,B
94,54,A
25,94,B
60,56,B
47,36,B
89,32,B
80,13,B
87,33,B
44,99,A
58,33,B
62,22,B
80,76,A
43,49,B
54,55,B
85,30,B
10,12,C
100,55,A
76,39,B
81,89,A
17,32,C
27,20,C
34,19,C
92,81,A
33,24,C
57,73,B
25,31,C
68,11,C
37,92,B
69,35,B
22,32,C
42,53,B
51,78,B
10,88,B
74,72,A
35,92,B
16,15,C
78,25,B
45,86,B
82,50,B
66,23,B
99,47,A
47,28,C
15,71,B
55,64,B
24,35,C
93,71,A
30,28,C
43,19,C
43,11,C
60,46,B
42,60,B
60,15,C
48,17,C
83,23,B
80,94,A
36,96,B
33,100,B
90,26,B
84,87,A
65,81,A
95,77,A
26,57,B
25,63,B
74,31,B
64,89,A
37,57,B
86,80,A
91,43,B
87,66,A
81,24,B
22,62,B
38,50,B
92,91,A
64,63,B
77,91,A
14,30,C
35,85,B
64,50,B
93,42,B
34,64,B
63,37,B
60,74,B
67,57,B
11,66,C
90,84,A
76,21,B
12,30,C
43,91,B
13,31,C
94,100,A
45,52,B
59,35,B
62,42,B
22,46,C
58,100,A
98,50,A
15,51,C
26,92,B
50,83,B
71,15,B
47,93,A
28,19,C
13,33,C
80,19,B
67,34,B
59,66,B
88,63,A
73,36,B
60,85,A
42,48,B
93,43,B
96,77,A
87,41,B
64,25,B
83,51,B
47,74,B
23,84,B
45,59,B
71,31,B
85,34,B
42,47,B
100,95,A
65,75,A
21,31,C
65,22,B
62,40,B
94,92,A
63,50,B
78,15,B
18,36,C
10,53,C
86,42,B
86,70,A
88,19,B
99,19,B
100,35,B
65,98,A
15,33,C
85,16,B
34,18,C
81,58,B
99,85,A
41,72,B
26,68,B
75,46,B
86,53,B
65,90,A
41,93,B
76,31,B
70,89,A
50,66,B
44,92,B
65,10,C
61,63,B
50,56,B
98,17,B
61,46,B
79,90,A
29,34,C
81,33,B
11,52,C
40,16,C
46,17,C
68,10,C
51,52,B
99,29,B
96,22,B
18,31,C
95,54,A
12,72,B
28,70,B
30,88,B
79,64,A
46,39,B
14,76,B
78,10,B
80,88,A
44,59,B
82,56,B
94,12,B
45,28,C
86,71,A
75,64,B
87,97,A
24,65,B
50,69,B
80,72,A
96,30,B
33,39,C
92,44,B
64,46,B
89,96,A
39,93,B
44,16,C
17,44,C
10,85,B
18,19,C
47,84,B
89,97,A
65,83,A
70,69,B
47,42,B
11,92,B
50,95,A
18,52,C
73,80,A
79,25,B
82,13,B
38,55,B
14,90,B
23,27,C
45,61,B
80,89,A
97,26,B
21,24,C
11,100,B
82,83,A
56,74,B
52,79,B
98,23,B
60,11,C
94,26,B
32,72,B
56,62,B
70,88,A
80,53,B
47,48,B
30,25,C
98,70,A
85,26,B
84,80,A
61,39,B
12,99,B
69,40,B
39,68,B
19,23,C
85,35,B
14,53,C
19,83,B
73,43,B
35,73,B
83,49,B
89,21,B
59,11,C
67,11,C
67,52,B
94,46,A
42,67,B
62,44,B
43,77,B
92,96,A
75,29,B
26,24,C
80,51,B
38,47,B
11,41,C
52,72,B
97,79,A
13,36,C
88,34,B
43,100,A
100,100,A
60,49,B
80,47,B
21,23,C
13,54,C
30,65,B
77,70,A
98,28,B
62,91,A
41,40,B
57,61,B
91,21,B
57,11,C
64,92,A
90,12,B
66,77,A
26,23,C
29,38,C
57,95,A
36,88,B
15,40,C
50,71,B
56,59,B
85,30,B
72,81,A
81,59,A
54,81,B
48,97,A
71,11,B
54,96,A
36,10,C
18,50,C
65,81,A
23,38,C
45,63,B
75,76,A
11,26,C
18,41,C
54,67,B
79,60,B
17,78,B
35,33,C
91,44,B
34,26,C
45,32,C
11,11,C
49,53,B
43,37,B
31,49,B
89,62,A
12,29,C
81,92,A
50,66,B
32,60,B
99,38,B
60,25,B
60,94,A
16,17,C
11,88,B
76,49,B
74,53,B
59,16,C
37,46,B
79,90,A
85,27,B
94,47,A
81,99,A
27,85,B
81,51,B
76,43,B
55,83,B
89,95,A
33,67,B
14,98,B
23,78,B
27,20,C
10,14,C
91,32,B
28,36,C
99,32,B
57,22,C
99,84,A
42,39,B
19,82,B
16,47,C
77,73,A
35,75,B
94,10,B
54,67,B
66,80,A
90,28,B
63,18,B
44,36,B
84,65,A
33,68,B
34,70,B
22,95,B
13,79,B
43,50,B
99,98,A
100,50,A
78,18,B
73,70,A
51,100,A
97,60,A
96,50,A
57,20,C
22,93,B
33,70,B
42,79,B
13,47,C
66,35,B
25,24,C
17,79,B
88,17,B
89,61,A
49,97,A
56,22,C
94,95,A
19,73,B
53,58,B
48,26,C
16,45,C
61,51,B
82,20,B
93,69,A
28,90,B
78,14,B
36,85,B
47,98,A
94,19,B
50,89,B
43,55,B
17,44,C
10,100,B
34,94,B
89,47,B
59,71,B
82,81,A
87,28,B
57,91,A
23,78,B
44,20,C
33,97,B
44,44,B
84,38,B
17,37,C
73,44,B
72,76,A
67,43,B
85,24,B
57,59,B
16,83,B
98,97,A
70,27,B
35,72,B
80,40,B
78,90,A
68,66,B
66,27,B
71,48,B
51,65,B
66,13,C
12,60,C
63,62,B
78,14,B
81,23,B
31,53,B
14,12,C
49,54,B
21,23,C
50,82,B
11,60,C
80,94,A
16,58,C
22,52,C
19,77,B
92,29,B
20,94,B
91,77,A
26,40,C
97,88,A
55,68,B
73,88,A
59,77,B
64,32,B
40,59,B
19,37,C
87,65,A
83,66,A
64,80,A
52,34,B
81,24,B
57,58,B
53,69,B
38,53,B
73,15,B
24,29,C
43,61,B
20,21,C
85,31,B
94,78,A
51,67,B
79,11,B
64,45,B
36,86,B
31,12,C
63,68,B
32,55,B
92,41,B
58,16,C
46,71,B
95,15,B
25,32,C
81,88,A
29,78,B
92,85,A
76,37,B
32,67,B
28,11,C
41,84,B
20,70,B
51,52,B
60,44,B
39,78,B
10,15,C
18,14,C
48,48,B
52,15,C
51,71,B
21,72,B
35,53,B
59,42,B
35,33,C
93,44,B
100,29,B
10,91,B
17,37,C
76,74,A
27,65,B
65,86,A
67,39,B
38,13,C
96,89,A
68,100,A
58,86,A
13,40,C
20,88,B
82,64,A
26,17,C
51,15,C
77,15,B
73,95,A
31,33,C
96,40,B
54,42,B
90,87,A
55,33,B
32,61,B
57,66,B
61,31,B
14,71,B
27,12,C
50,93,A
36,30,C
68,13,B
53,61,B
36,89,B
10,75,B
12,23,C
38,15,C
66,46,B
67,10,C
72,85,A
73,22,B
21,65,B
21,94,B
95,55,A
32,99,B
89,40,B
22,44,C
19,46,C
21,29,C
84,15,B
95,72,A
98,100,A
10,23,C
92,57,A
66,94,A
40,33,C
61,23,B
85,59,A
71,30,B
50,82,B
97,84,A
55,79,B
42,10,C
97,80,A
49,27,C
35,75,B
20,53,C
61,36,B
76,28,B
95,78,A
76,92,A
66,100,A
55,40,B
41,50,B
41,51,B
86,42,B
95,15,B
36,38,C
56,92,A
37,91,B
38,63,B
12,92,B
41,22,C
26,69,B
85,98,A
57,59,B
62,100,A
56,30,B
33,30,C
40,91,B
53,80,B
29,39,C
31,88,B
28,67,B
72,76,A
57,21,C
95,80,A
73,64,B
21,46,C
64,47,B
29,28,C
49,36,B
23,68,B
39,11,C
79,86,A
75,51,B
26,52,C
91,17,B
98,41,B
54,95,A
74,70,A
78,26,B
47,24,C
51,63,B
66,58,B
13,96,B
17,82,B
57,49,B
56,59,B
42,69,B
12,97,B
91,27,B
75,18,B
54,95,A
87,28,B
52,99,A
81,28,B
22,73,B
26,39,C
54,13,C
35,38,C
43,39,B
80,70,A
23,74,B
24,43,C
86,79,A
16,74,B
91,76,A
68,93,A
88,24,B
11,45,C
48,63,B
73,97,A
94,74,A
60,59,B
66,14,B
52,55,B
35,81,B
66,65,B
79,66,A
45,82,B
61,93,A
43,32,C
55,19,C
17,10,C
98,100,A
85,99,A
13,41,C
82,21,B
45,44,B
97,19,B
90,54,A
67,72,B
10,40,C
25,76,B
68,14,B
62,26,B
21,95,B
56,10,C
44,15,C
32,61,B
42,93,B
14,82,B
42,70,B
12,55,C
52,58,B
89,46,B
43,12,C
93,51,A
91,35,B
87,91,A
54,93,A
48,91,B
69,15,B
18,76,B
88,56,A
56,54,B
35,40,C
21,89,B
86,12,B
14,34,C
53,44,B
98,18,B
97,75,A
48,32,B
73,58,B
27,36,C
60,61,B
81,88,A
51,89,A
52,19,C
34,62,B
81,34,B
47,89,B
30,95,B
68,52,B
66,85,A
88,31,B
76,47,B
89,36,B
43,35,C
70,60,B
80,81,A
34,49,B
77,84,A
51,83,B
100,79,A
14,87,B
25,98,B
10,79,B
86,44,B
13,74,B
40,90,B
77,90,A
70,48,B
64,28,B
47,68,B
67,52,B
56,76,B
61,65,B
93,73,A
84,48,B
39,77,B
93,84,A
28,47,C
53,98,A
14,54,C
14,31,C
76,95,A
46,81,B
72,38,B
50,75,B
73,90,A
70,17,B
24,68,B
30,63,B
59,39,B
28,52,B
65,38,B
19,42,C
73,77,A
35,58,B
60,53,B
55,63,B
49,83,B
47,36,B
19,94,B
66,45,B
12,53,C
99,17,B
40,17,C
90,75,A
67,90,A
70,33,B
43,32,C
75,75,A
95,25,B
73,82,A
84,10,B
22,77,B
10,28,C
98,28,B
12,58,C
40,66,B
47,94,A
73,40,B
64,42,B
49,15,C
27,65,B
84,16,B
99,78,A
29,97,B
82,17,B
82,42,B
97,89,A
20,62,B
15,65,B
62,91,A
10,86,B
58,88,A
41,71,B
64,13,C
89,49,B
93,43,B
19,76,B
63,19,B
12,32,C
96,59,A
35,47,B
99,69,A
85,64,A
99,44,A
38,57,B
37,38,C
20,28,C
87,20,B
33,71,B
16,62,C
97,75,A
53,34,B
20,54,C
31,89,B
87,22,B
57,99,A
83,73,A
72,33,B
23,61,B
76,22,B
16,19,C
98,32,B
55,14,C
74,15,B
62,36,B
29,72,B
87,67,A
29,85,B
99,28,B
70,69,B
14,98,B
10,19,C
54,51,B
20,10,C
56,60,B
77,75,A
27,88,B
51,24,C
61,63,B
70,30,B
98,34,B
15,64,C
100,43,A
77,30,B
34,54,B
44,64,B
73,64,B
90,29,B
96,29,B
69,20,B
88,65,A
69,98,A
90,29,B
82,28,B
68,89,A
93,52,A
98,32,B
59,12,C
87,68,A
49,100,A
39,81,B
33,88,B
92,66,A
52,13,C
56,23,C
95,39,B
83,36,B
72,59,B
97,36,B
47,13,C
28,40,C
49,38,B
84,72,A
87,11,B
29,58,B
31,42,C
20,87,B
60,34,B
38,23,C
35,57,B
43,69,B
30,25,C
33,32,C
54,24,C
45,25,C
97,43,A
98,92,A
97,94,A
77,36,B
39,53,B
10,65,C
12,20,C
15,69,B
58,48,B
16,14,C
22,61,B
74,88,A
32,44,C
10,23,C
46,83,B
96,64,A
65,27,B
89,88,A
42,43,B
15,93,B
71,82,A
77,58,B
86,68,A
62,26,B
67,90,A
96,25,B
63,67,B
17,74,B
79,46,B
56,60,B
36,20,C
50,80,B
51,41,B
58,73,B
16,60,C
32,73,B
93,35,B
31,64,B
10,32,C
28,55,B
77,92,A
75,70,A
70,32,B
70,67,B
12,90,B
24,30,C
39,59,B
90,69,A
100,15,B
25,45,C
88,12,B
76,23,B
22,65,B
90,98,A
47,53,B
50,93,A
67,100,A
81,68,A
88,67,A
48,22,C
57,88,A
51,96,A
65,60,B
76,22,B
71,88,A
16,51,C
46,23,C
27,82,B
17,76,B
64,86,A
57,47,B
19,51,C
16,65,B
96,77,A
66,88,A
84,20,B
55,10,C
50,28,C
62,17,C
96,32,B
13,78,B
41,40,B
38,94,B
70,69,B
47,83,B
97,15,B
91,25,B
20,95,B
56,25,B
58,86,A
81,16,B
77,78,A
45,49,B
77,98,A
95,11,B
11,32,C
65,75,A
18,39,C
74,100,A
27,17,C
90,13,B
80,20,B
12,33,C
28,96,B
14,37,C
77,93,A
27,53,B
55,87,A
82,48,B
92,76,A
33,12,C
99,100,A
67,86,A
35,72,B
49,37,B
100,17,B
94,24,B
50,67,B
59,54,B
71,44,B
70,40,B
96,84,A
61,70,B
65,92,A
42,43,B
12,96,B
43,36,C
88,32,B
62,24,B
60,46,B
75,64,B
21,77,B
11,47,C
20,93,B
15,84,B
58,100,A
49,82,B
76,19,B
84,17,B
22,11,C
20,81,B
85,14,B
15,85,B
44,65,B
10,56,C
89,68,A
53,14,C
98,22,B
87,24,B
32,70,B
25,75,B
36,67,B
17,42,C
61,44,B
87,23,B
63,69,B
64,80,A
55,62,B
31,29,C
37,39,C
80,85,A
10,50,C
48,97,A
41,22,C
59,23,B
27,19,C
90,76,A
46,58,B
37,66,B
31,37,C
39,65,B
43,53,B
48,11,C
21,13,C
95,90,A
98,97,A
45,56,B
75,22,B
69,93,A
80,28,B
96,86,A
13,38,C
55,26,B
87,47,B
76,57,B
58,33,B
15,27,C
56,27,B
29,97,B
68,34,B
82,34,B
31,11,C
15,95,B
23,98,B
32,32,C
17,89,B
42,94,B
47,33,B
23,65,B
11,16,C
16,52,C
91,100,A
92,10,B
38,20,C
97,98,A
39,12,C
31,77,B
33,44,C
61,84,A
59,50,B
55,98,A
37,79,B
64,72,B
88,11,B
23,96,B
60,87,A
95,99,A
33,37,C
81,82,A
96,35,B
100,11,B
29,72,B
14,82,B
75,18,B
39,77,B
75,94,A
17,76,B
29,21,C
57,18,C
62,26,B
85,41,B
85,29,B
24,20,C
40,80,B
97,82,A
37,47,B
10,42,C
18,13,C
99,23,B
54,64,B
47,93,A
95,78,A
63,53,B
56,41,B
57,10,C
59,83,A
13,61,C
90,88,A
79,66,A
74,20,B
60,82,A
74,94,A
54,78,B
97,17,B
49,94,A
64,97,A
21,60,B
90,69,A
19,90,B
98,39,B
70,64,B
48,61,B
19,31,C
61,40,B
15,67,B
50,90,A
13,59,C
89,23,B
26,24,C
81,71,A
72,10,B
79,12,B
23,84,B
54,18,C
65,77,A
54,34,B
32,31,C
72,83,A
96,28,B
58,58,B
16,12,C
92,86,A
51,64,B
37,15,C
63,16,C
36,74,B
26,95,B
54,67,B
67,57,B
45,85,B
50,61,B
57,26,B
40,50,B
67,92,A
96,69,A
78,56,B
56,70,B
50,65,B
82,19,B
83,97,A
66,52,B
16,14,C
50,76,B
43,70,B
72,56,B
86,16,B
45,86,B
18,51,C
18,100,B
84,52,B
55,73,B
34,19,C
47,48,B
59,72,B
11,50,C
44,52,B
86,43,B
64,71,B
96,61,A
43,14,C
100,70,A
73,84,A
53,81,B
53,65,B
63,92,A
47,35,B
33,31,C
41,100,A
95,65,A
91,17,B
15,63,C
33,71,B
33,28,C
22,29,C
15,36,C
24,66,B
11,13,C
24,10,C
32,88,B
77,42,B
56,47,B
92,37,B
75,90,A
33,16,C
35,95,B
91,53,A
32,68,B
14,60,C
35,77,B
49,68,B
59,50,B
28,61,B
44,22,C
12,10,C
65,88,A
64,40,B
24,16,C
13,53,C
54,27,B
35,53,B
29,53,B
89,26,B
66,20,B
69,43,B
93,43,B
60,78,B
82,73,A
32,95,B
57,38,B
18,63,B
76,73,A
68,91,A
87,20,B
90,78,A
60,68,B
10,53,C
25,85,B
86,87,A
51,95,A
42,57,B
99,81,A
81,81,A
35,100,B
88,27,B
45,56,B
61,48,B
69,93,A
64,96,A
48,96,A
65,28,B
67,82,A
99,100,A
57,40,B
52,78,B
91,63,A
59,54,B
77,57,B
19,44,C
86,54,A
29,83,B
98,71,A
26,15,C
85,23,B
69,19,B
42,68,B
65,30,B
82,18,B
15,56,C
63,68,B
52,40,B
28,93,B
20,39,C
21,97,B
41,55,B
22,63,B
15,27,C
46,26,C
97,75,A
60,94,A
73,77,A
48,49,B
74,52,B
93,58,A
48,41,B
16,36,C
24,27,C
78,34,B
55,97,A
64,44,B
20,19,C
44,18,C
23,71,B
44,15,C
75,13,B
35,61,B
65,20,B
100,49,A
43,19,C
20,51,C
12,97,B
51,57,B
14,30,C
33,97,B
21,99,B
65,78,A
95,90,A
65,60,B
82,95,A
30,68,B
55,84,B
13,41,C
72,56,B
19,25,C
87,32,B
45,21,C
53,80,B
38,29,C
87,98,A
100,81,A
92,11,B
72,58,B
41,21,C
59,85,A
62,19,B
96,85,A
52,80,B
54,17,C
46,17,C
96,40,B
76,14,B
80,17,B
60,56,B
91,73,A
31,52,B
82,16,B
18,54,C
80,99,A
76,41,B
26,19,C
20,36,C
51,15,C
99,53,A
38,36,C
100,87,A
47,87,B
28,16,C
53,41,B
10,82,B
18,10,C
12,50,C
80,67,A
95,17,B
13,78,B
83,45,B
61,78,B
46,93,B
91,10,B
51,43,B
62,88,A
29,87,B
14,38,C
19,26,C
50,68,B
87,96,A
62,23,B
81,87,A
13,67,B
98,81,A
14,82,B
52,93,A
98,84,A
95,88,A
61,14,C
72,44,B
81,31,B
67,34,B
89,45,B
61,62,B
27,55,B
100,12,B
37,35,C
75,22,B
71,47,B
24,21,C
31,89,B
51,78,B
34,90,B
23,95,B
26,90,B
19,40,C
51,95,A
43,32,C
83,84,A
23,32,C
39,62,B
47,18,C
66,24,B
90,36,B
98,20,B
100,73,A
59,28,B
15,21,C
29,14,C
51,33,B
19,23,C
61,57,B
27,96,B
65,55,B
17,50,C
82,75,A
96,76,A
47,98,A
43,76,B
37,51,B
81,27,B
20,31,C
96,42,B
92,64,A
34,97,B
99,89,A
35,43,C
29,99,B
82,40,B
48,50,B
28,38,C
59,21,B
86,94,A
79,93,A
96,67,A
11,16,C
64,42,B
74,15,B
100,96,A
84,37,B
22,67,B
82,80,A
46,47,B
83,53,B
28,91,B
36,11,C
84,78,A
46,64,B
98,27,B
16,21,C
86,84,A
24,48,C
72,95,A
26,80,B
54,82,B
65,95,A
60,93,A
67,33,B
76,45,B
44,20,C
87,97,A
52,21,C
88,23,B
68,76,A
33,62,B
27,70,B
85,39,B
86,49,B
97,58,A
95,33,B
21,21,C
72,77,A
39,88,B
78,82,A
54,38,B
47,67,B
34,13,C
22,62,B
66,72,B
82,60,A
84,71,A
75,60,B
63,52,B
19,37,C
58,64,B
19,93,B
63,53,B
57,47,B
41,50,B
87,100,A
29,51,B
40,99,B
58,20,C
40,12,C
44,93,B
77,18,B
90,68,A
56,98,A
99,37,B
17,43,C
38,42,B
26,100,B
92,51,A
49,54,B
70,64,B
23,48,C
41,74,B
50,56,B
96,78,A
54,17,C
47,96,A
69,68,B
34,59,B
22,97,B
24,86,B
100,58,A
41,21,C
76,56,B
45,56,B
23,50,C
47,100,A
89,99,A
51,57,B
63,69,B
42,96,B
26,79,B
77,72,A
97,77,A
27,61,B
53,77,B
33,17,C
70,100,A
20,35,C
29,25,C
45,41,B
51,88,B
12,70,B
100,99,A
26,47,C
13,73,B
80,100,A
87,34,B
45,34,C
88,59,A
65,65,B
100,47,A
53,91,A
51,31,B
22,19,C
17,59,C
55,68,B
49,72,B
11,25,C
23,65,B
22,33,C
12,32,C
79,41,B
31,36,C
24,90,B
91,40,B
17,42,C
15,22,C
31,24,C
61,13,C
100,91,A
100,26,B
94,42,B
32,68,B
94,70,A
15,85,B
55,88,A
20,76,B
94,74,A
31,92,B
73,29,B
81,34,B
99,83,A
52,42,B
37,19,C
43,49,B
41,75,B
37,88,B
26,23,C
32,25,C
97,99,A
43,54,B
67,98,A
14,73,B
48,35,B
89,26,B
47,39,B
65,21,B
81,85,A
24,38,C
46,48,B
32,70,B
95,27,B
53,17,C
84,85,A
83,23,B
40,32,C
28,60,B
70,70,A
26,87,B
51,38,B
50,84,B
28,46,C
22,18,C
16,71,B
89,93,A
79,28,B
17,17,C
23,43,C
99,34,B
28,41,C
35,42,C
71,82,A
42,10,C
60,100,A
44,68,B
39,40,C
78,11,B
20,11,C
61,78,B
74,97,A
41,22,C
54,27,B
60,76,B
66,41,B
78,58,B
94,34,B
80,20,B
29,94,B
54,18,C
51,33,B
28,44,C
39,16,C
42,69,B
99,87,A
77,49,B
100,71,A
25,90,B
54,71,B
16,95,B
19,49,C
76,25,B
31,15,C
70,75,A
72,41,B
51,69,B
31,67,B
88,86,A
14,80,B
73,86,A
63,64,B
13,21,C
25,85,B
84,69,A
56,64,B
57,37,B
63,98,A
72,25,B
37,30,C
76,49,B
26,58,B
27,62,B
31,11,C
88,80,A
54,27,B
94,69,A
64,48,B
11,17,C
90,45,B
12,83,B
80,11,B
16,49,C
28,89,B
51,54,B
21,23,C
62,53,B
94,19,B
17,13,C
34,68,B
12,96,B
22,15,C
17,21,C
63,13,C
39,41,B
41,27,C
41,81,B
10,99,B
51,94,A
71,12,B
34,64,B
32,64,B
12,39,C
76,38,B
47,72,B
34,16,C
15,26,C
50,40,B
51,98,A
88,24,B
41,22,C
16,77,B
25,71,B
40,36,C
81,16,B
84,81,A
24,64,B
82,42,B
95,75,A
27,39,C
66,49,B
75,67,A
58,82,A
56,70,B
74,50,B
94,90,A
55,34,B
91,66,A
99,91,A
20,86,B
19,27,C
74,18,B
35,60,B
70,51,B
10,23,C
12,98,B
42,22,C
96,84,A
13,57,C
37,26,C
52,69,B
96,94,A
62,15,C
53,90,A
69,61,B
55,96,A
14,38,C
98,41,B
83,70,A
12,84,B
83,14,B
78,88,A
31,24,C
16,58,C
91,83,A
47,95,A
76,85,A
68,97,A
99,100,A
47,41,B
63,39,B
42,36,C
88,41,B
61,58,B
54,87,A
84,98,A
29,30,C
27,83,B
69,64,B
14,15,C
30,67,B
43,54,B
11,70,B
55,84,B
78,46,B
75,34,B
59,55,B
75,65,A
97,60,A
71,37,B
72,13,B
72,71,A
89,58,A
72,92,A
31,58,B
98,21,B
27,46,C
85,66,A
74,20,B
49,53,B
59,55,B
45,49,B
57,29,B
20,27,C
61,56,B
86,94,A
88,51,B
98,97,A
65,87,A
34,15,C
21,13,C
17,16,C
97,91,A
26,53,C
33,62,B
11,54,C
24,69,B
69,53,B
59,20,C
13,95,B
71,20,B
94,18,B
52,88,A
99,63,A
91,20,B
19,62,B
100,96,A
91,60,A
95,70,A
99,81,A
20,29,C
53,64,B
54,57,B
93,42,B
50,58,B
20,72,B
63,100,A
87,87,A
74,12,B
71,65,B
57,89,A
18,67,B
17,19,C
45,20,C
24,75,B
54,75,B
31,98,B
53,34,B
55,52,B
52,15,C
12,71,B
19,61,B
19,84,B
82,24,B
24,74,B
12,93,B
83,78,A
61,68,B
89,88,A
48,24,C
47,17,C
45,15,C
17,100,B
64,17,B
91,77,A
27,30,C
70,60,B
99,20,B
76,15,B
45,57,B
77,32,B
80,56,B
71,35,B
58,33,B
45,72,B
10,71,B
17,48,C
17,17,C
63,86,A
50,24,C
73,56,B
23,98,B
49,79,B
85,94,A
84,36,B
33,72,B
10,32,C
80,88,A
91,43,B
73,17,B
17,17,C
87,14,B
65,10,C
13,93,B
49,60,B
58,83,A
11,70,B
32,38,C
28,55,B
38,67,B
28,40,C
14,42,C
76,18,B
88,60,A
95,43,B
27,13,C
38,11,C
53,41,B
86,17,B
31,12,C
24,94,B
56,48,B
70,87,A
88,37,B
93,78,A
88,75,A
21,58,C
29,64,B
83,71,A
99,88,A
18,64,B
86,82,A
30,68,B
84,12,B
71,13,B
59,22,B
78,70,A
19,13,C
91,94,A
14,99,B
84,27,B
62,95,A
46,24,C
95,55,A
37,63,B
100,37,B
72,19,B
37,62,B
17,58,C
54,19,C
47,64,B
11,27,C
80,99,A
88,12,B
31,94,B
38,51,B
10,26,C
20,47,C
50,97,A
87,30,B
16,95,B
30,83,B
40,17,C
91,50,A
26,63,B
42,93,B
31,15,C
77,24,B
29,86,B
97,37,B
24,26,C
74,76,A
43,41,B
35,45,B
81,42,B
88,94,A
79,82,A
89,83,A
88,89,A
50,77,B
20,70,B
52,91,A
12,64,C
80,17,B
54,86,A
90,59,A
69,23,B
25,27,C
52,18,C
28,34,C
53,78,B
56,45,B
13,97,B
10,19,C
31,21,C
79,17,B
32,95,B
24,100,B
46,69,B
44,20,C
20,68,B
98,19,B
13,86,B
26,29,C
50,26,C
45,36,B
50,80,B
65,74,B
56,43,B
25,45,C
10,37,C
10,79,B
47,38,B
68,64,B
16,43,C
23,25,C
41,16,C
55,45,B
62,60,B
17,61,C
52,21,C
44,11,C
84,61,A
45,41,B
59,57,B
10,78,B
75,41,B
88,90,A
92,49,A
100,72,A
22,40,C
24,43,C
24,87,B
65,69,B
22,43,C
15,63,C
65,83,A
66,15,B
95,32,B
32,49,B
23,64,B
45,36,B
19,39,C
25,30,C
26,48,C
46,14,C
24,49,C
23,84,B
43,50,B
52,62,B
90,63,A
67,67,B
42,76,B
17,47,C
65,14,C
65,17,B
13,92,B
68,84,A
77,25,B
15,22,C
54,53,B
50,66,B
21,85,B
53,52,B
82,96,A
44,42,B
93,40,B
46,28,C
19,43,C
38,25,C
49,79,B
92,78,A
73,80,A
25,18,C
58,25,B
29,91,B
74,55,B
94,74,A
78,25,B
75,83,A
44,24,C
60,29,B
37,50,B
13,71,B
89,72,A
94,68,A
57,39,B
89,89,A
52,53,B
74,44,B
20,10,C
71,70,A
43,37,B
14,99,B
89,50,B
99,79,A
25,81,B
57,70,B
43,90,B
21,59,B
16,86,B
27,93,B
68,52,B
22,38,C
60,66,B
59,54,B
48,70,B
68,82,A
89,84,A
59,93,A
64,12,C
74,47,B
76,68,A
50,67,B
38,11,C
63,55,B
53,77,B
53,33,B
30,13,C
57,69,B
10,100,B
44,87,B
87,43,B
39,50,B
75,90,A
74,43,B
30,66,B
64,17,B
65,13,C
61,34,B
39,75,B
24,52,C
55,52,B
69,65,B
63,84,A
73,27,B
59,63,B
65,13,C
100,73,A
25,34,C
14,33,C
82,76,A
20,85,B
89,44,B
15,59,C
64,25,B
24,54,C
80,26,B
94,51,A
24,27,C
37,22,C
94,24,B
16,63,C
39,30,C
97,46,A
88,70,A
69,99,A
53,56,B
60,27,B
34,83,B
68,40,B
52,65,B
48,92,A
26,39,C
28,58,B
76,87,A
79,95,A
74,87,A
78,89,A
61,15,C
22,29,C
73,62,B
41,20,C
29,95,B
28,20,C
23,29,C
62,52,B
96,56,A
46,42,B
44,42,B
16,94,B
45,22,C
26,26,C
57,67,B
56,63,B
43,84,B
63,60,B
57,19,C
59,51,B
49,17,C
95,47,A
77,66,A
95,80,A
36,80,B
99,98,A
15,15,C
51,69,B
16,22,C
21,91,B
10,86,B
51,54,B
76,91,A
62,30,B
67,70,B
20,45,C
12,20,C
16,74,B
74,45,B
35,75,B
52,71,B
97,84,A
48,44,B
14,12,C
74,34,B
56,31,B
99,87,A
74,85,A
76,25,B
43,67,B
99,69,A
69,48,B
80,89,A
75,90,A
23,41,C
10,44,C
67,42,B
15,48,C
67,21,B
17,44,C
94,57,A
28,29,C
29,86,B
21,81,B
52,20,C
58,42,B
82,53,B
14,48,C
86,71,A
37,29,C
97,82,A
31,80,B
45,75,B
96,60,A
24,97,B
43,69,B
40,38,C
36,23,C
92,73,A
76,49,B
59,59,B
40,49,B
56,47,B
20,59,C
92,16,B
84,26,B
86,86,A
20,72,B
93,32,B
40,53,B
46,90,B
55,62,B
84,98,A
98,91,A
10,99,B
17,65,B
15,68,B
33,56,B
34,31,C
64,70,B
14,100,B
22,27,C
35,22,C
29,45,C
70,72,A
20,86,B
72,88,A
74,100,A
84,53,B
89,11,B
34,95,B
83,68,A
41,61,B
16,56,C
16,95,B
69,54,B
25,94,B
24,79,B
46,25,C
42,44,B
17,18,C
56,19,C
83,33,B
50,53,B
15,42,C
10,91,B
22,13,C
95,49,A
77,76,A
50,28,C
97,67,A
57,93,A
94,96,A
39,70,B
53,62,B
79,88,A
92,26,B
79,44,B
85,61,A
63,63,B
72,55,B
73,10,B
35,36,C
38,15,C
10,18,C
11,94,B
87,26,B
40,94,B
100,43,A
19,32,C
72,29,B
22,70,B
98,84,A
12,43,C
91,61,A
63,14,C
42,10,C
82,85,A
88,100,A
96,89,A
29,53,B
27,39,C
91,64,A
88,38,B
84,20,B
12,82,B
25,13,C
46,73,B
57,40,B
41,33,C
62,14,C
39,90,B
45,65,B
43,68,B
67,25,B
94,51,A
73,84,A
13,68,B
40,92,B
46,92,B
45,39,B
99,88,A
74,43,B
89,26,B
51,51,B
99,46,A
24,48,C
19,65,B
44,84,B
93,55,A
56,50,B
19,97,B
38,24,C
83,21,B
13,74,B
75,67,A
27,79,B
93,66,A
99,20,B
32,97,B
64,51,B
98,20,B
60,46,B
85,53,B
78,36,B
81,99,A
97,61,A
100,72,A
51,93,A
45,68,B
30,21,C
39,23,C
13,19,C
67,15,B
31,44,C
63,61,B
36,37,C
16,36,C
11,81,B
59,36,B
56,39,B
65,81,A
33,44,C
18,32,C
98,15,B
52,80,B
51,58,B
23,96,B
72,34,B
84,29,B
33,71,B
36,40,C
83,23,B
48,46,B
65,48,B
100,55,A
76,80,A
96,67,A
78,71,A
53,15,C
64,59,B
14,35,C
72,35,B
49,98,A
28,30,C
92,17,B
44,57,B
92,24,B
26,41,C
80,86,A
48,49,B
94,50,A
26,35,C
27,66,B
34,76,B
67,32,B
30,22,C
22,36,C
72,71,A
17,40,C
18,94,B
17,61,C
93,43,B
41,52,B
73,48,B
96,62,A
100,71,A
38,69,B
19,58,C
85,91,A
89,56,A
96,99,A
18,72,B
83,30,B
10,17,C
57,19,C
39,47,B
43,52,B
89,46,B
14,68,B
81,87,A
38,97,B
32,91,B
74,30,B
70,22,B
27,74,B
73,80,A
42,68,B
12,83,B
23,94,B
83,61,A
50,65,B
25,57,B
30,86,B
19,84,B
81,55,B
59,33,B
82,41,B
45,98,A
64,28,B
82,38,B
99,62,A
82,96,A
90,98,A
19,100,B
64,28,B
11,49,C
34,89,B
16,70,B
37,46,B
38,25,C
36,70,B
24,72,B
60,82,A
24,61,B
14,65,C
99,78,A
76,79,A
96,75,A
51,60,B
24,99,B
73,17,B
93,58,A
89,57,A
15,52,C
88,100,A
76,23,B
64,87,A
88,52,A
62,40,B
33,34,C
43,91,B
27,96,B
44,36,B
88,54,A
32,17,C
55,87,A
44,51,B
70,81,A
76,53,B
14,73,B
96,10,B
75,100,A
90,67,A
30,15,C
21,30,C
41,34,C
38,74,B
22,79,B
80,15,B
30,64,B
59,58,B
96,54,A
55,98,A
14,69,B
11,21,C
14,72,B
76,72,A
64,15,C
34,65,B
63,40,B
77,78,A
95,61,A
46,100,A
87,89,A
48,86,B
19,24,C
96,96,A
41,75,B
30,80,B
88,75,A
73,35,B
35,30,C
53,72,B
79,68,A
38,19,C
83,21,B
93,37,B
87,56,A
77,84,A
72,71,A
80,17,B
40,74,B
20,53,C
38,88,B
83,35,B
89,81,A
88,44,B
24,23,C
30,43,C
43,14,C
81,11,B
16,80,B
27,96,B
83,56,B
14,67,B
46,28,C
49,89,B
17,17,C
52,80,B
21,85,B
55,67,B
75,53,B
100,10,B
12,37,C
87,32,B
46,41,B
93,12,B
14,20,C
82,16,B
59,34,B
29,67,B
47,51,B
83,34,B
73,80,A
95,70,A
54,47,B
43,22,C
44,71,B
70,51,B
49,79,B
20,83,B
59,25,B
14,98,B
95,97,A
81,42,B
22,29,C
40,37,C
54,38,B
23,75,B
30,38,C
60,52,B
25,88,B
16,53,C
93,69,A
24,63,B
18,47,C
38,38,C
90,15,B
82,89,A
34,88,B
56,14,C
23,91,B
69,100,A
90,46,B
51,20,C
36,56,B
55,45,B
69,94,A
54,21,C
74,87,A
42,75,B
64,35,B
59,22,B
42,25,C
46,32,C
44,25,C
37,68,B
87,60,A
81,61,A
87,17,B
70,81,A
77,89,A
41,84,B
76,44,B
56,46,B
64,51,B
74,56,B
66,100,A
61,34,B
38,41,C
84,90,A
28,68,B
47,85,B
27,70,B
74,66,A
86,99,A
19,47,C
50,36,B
98,26,B
68,11,C
70,29,B
18,97,B
44,65,B
36,63,B
26,76,B
78,41,B
89,86,A
22,99,B
65,36,B
92,54,A
96,28,B
81,22,B
47,94,A
17,75,B
29,68,B
75,36,B
55,62,B
11,83,B
67,56,B
89,31,B
51,73,B
89,11,B
76,54,B
19,13,C
66,48,B
98,16,B
47,42,B
57,84,A
100,26,B
84,38,B
39,19,C
89,52,A
99,58,A
71,53,B
34,45,C
92,84,A
58,50,B
81,83,A
19,90,B
94,25,B
63,12,C
97,18,B
32,62,B
27,52,C
86,14,B
23,84,B
44,81,B
85,44,B
78,62,A
17,84,B
54,93,A
48,10,C
58,10,C
38,24,C
97,62,A
66,74,A
14,45,C
22,40,C
57,14,C
90,13,B
57,75,B
24,55,C
18,64,B
10,79,B
12,31,C
36,33,C
25,34,C
38,55,B
51,100,A
15,90,B
40,42,B
45,51,B
30,49,C
68,14,B
15,12,C
70,20,B
88,81,A
56,11,C
10,20,C
95,37,B
54,80,B
64,74,B
16,64,B
95,91,A
61,71,B
28,99,B
72,48,B
12,23,C
64,95,A
61,69,B
74,40,B
14,42,C
74,93,A
38,79,B
68,61,B
91,13,B
64,63,B
24,17,C
30,72,B
50,62,B
31,76,B
98,75,A
69,79,A
14,97,B
51,71,B
57,26,B
33,76,B
55,43,B
26,70,B
19,79,B
32,45,C
71,26,B
95,55,A
18,29,C
81,91,A
72,14,B
19,33,C
53,68,B
78,89,A
48,43,B
99,31,B
41,88,B
73,87,A
62,66,B
13,21,C
65,45,B
92,80,A
64,38,B
91,32,B
68,68,B
83,18,B
99,78,A
85,76,A
81,88,A
96,18,B
29,80,B
31,69,B
78,75,A
12,32,C
27,33,C
53,80,B
64,95,A
91,20,B
28,52,B
20,43,C
82,75,A
83,59,A
35,64,B
56,53,B
64,87,A
84,14,B
10,28,C
44,74,B
22,31,C
20,41,C
27,14,C
18,60,C
66,45,B
96,62,A
85,21,B
72,77,A
26,23,C
15,38,C
73,76,A
10,69,C
11,18,C
91,83,A
16,22,C
81,61,A
48,26,C
63,54,B
16,81,B
36,82,B
79,100,A
19,53,C
53,47,B
74,24,B
24,45,C
73,70,A
25,84,B
19,39,C
28,52,B
18,38,C
21,48,C
80,97,A
89,57,A
87,79,A
68,92,A
40,55,B
30,59,B
56,84,A
39,89,B
38,76,B
18,33,C
44,81,B
22,23,C
94,64,A
71,94,A
86,29,B
19,22,C
85,65,A
50,82,B
21,71,B
45,77,B
41,27,C
97,75,A
87,23,B
93,76,A
15,72,B
81,67,A
51,50,B
93,18,B
32,89,B
34,39,C
61,15,C
95,89,A
41,87,B
74,42,B
28,58,B
11,28,C
39,41,B
49,17,C
51,54,B
47,74,B
13,15,C
96,16,B
97,71,A
27,81,B
53,86,B
92,100,A
33,59,B
95,67,A
68,41,B
71,92,A
20,46,C
91,62,A
66,82,A
71,19,B
67,88,A
24,56,B
21,55,C
17,29,C
52,39,B
80,37,B
30,26,C
45,36,B
81,48,B
17,77,B
46,14,C
64,78,A
44,43,B
98,78,A
53,23,C
44,97,A
42,49,B
55,59,B
59,11,C
89,96,A
21,27,C
62,28,B
24,39,C
68,33,B
28,11,C
23,27,C
85,40,B
22,34,C
71,94,A
86,26,B
100,76,A
40,24,C
30,99,B
54,98,A
97,24,B
97,48,A
37,20,C
97,24,B
84,62,A
81,62,A
89,66,A
53,33,B
59,14,C
57,67,B
35,35,C
48,22,C
49,80,B
63,98,A
28,31,C
95,25,B
59,60,B
69,15,B
22,25,C
100,23,B
31,50,B
17,69,B
20,99,B
79,76,A
59,56,B
56,41,B
86,18,B
53,18,C
72,21,B
42,21,C
45,67,B
33,22,C
36,56,B
35,30,C
54,73,B
32,73,B
40,50,B
80,97,A
32,24,C
19,10,C
85,63,A
34,96,B
63,17,B
71,61,B
50,51,B
22,24,C
55,56,B
22,21,C
17,26,C
70,69,B
94,58,A
54,39,B
64,27,B
83,65,A
91,74,A
70,99,A
93,87,A
53,29,B
51,88,B
24,19,C
91,27,B
40,90,B
29,48,C
77,88,A
36,40,C
16,35,C
56,84,A
57,50,B
14,73,B
28,49,C
65,99,A
82,73,A
94,28,B
74,81,A
89,22,B
28,53,B
64,77,A
92,30,B
77,61,B
24,28,C
24,19,C
42,30,C
56,31,B
69,92,A
35,63,B
30,86,B
83,39,B
82,77,A
43,63,B
47,99,A
78,81,A
61,87,A
31,65,B
25,48,C
18,96,B
51,48,B
14,56,C
25,97,B
27,85,B
71,45,B
55,11,C
80,39,B
39,73,B
92,10,B
81,12,B
87,50,B
23,38,C
85,85,A
86,24,B
23,94,B
91,34,B
57,94,A
48,61,B
20,86,B
25,82,B
58,65,B
15,100,B
89,37,B
40,40,B
72,15,B
57,79,B
60,19,C
21,72,B
28,84,B
28,18,C
77,27,B
73,44,B
91,86,A
88,38,B
76,13,B
44,35,C
34,88,B
57,17,C
64,81,A
93,49,A
51,98,A
25,85,B
97,17,B
91,59,A
58,28,B
27,19,C
32,37,C
94,95,A
27,76,B
36,22,C
70,46,B
61,97,A
89,23,B
10,47,C
97,53,A
64,87,A
57,17,C
42,30,C
82,78,A
87,24,B
67,33,B
22,53,C
35,85,B
80,36,B
45,75,B
91,49,A
79,46,B
91,18,B
92,26,B
52,65,B
99,100,A
72,77,A
18,20,C
21,10,C
73,25,B
30,72,B
26,33,C
36,62,B
54,23,C
29,38,C
93,52,A
35,40,C
39,11,C
50,76,B
64,53,B
75,63,B
81,70,A
12,34,C
91,54,A
90,33,B
73,34,B
36,69,B
16,80,B
57,65,B
57,62,B
24,17,C
20,23,C
86,17,B
76,56,B
78,44,B
35,82,B
65,37,B
32,58,B
13,47,C
20,54,C
36,37,C
68,10,C
71,32,B
33,64,B
17,92,B
54,65,B
33,100,B
12,86,B
88,73,A
93,100,A
71,76,A
25,33,C
34,43,C
73,70,A
29,11,C
13,58,C
62,39,B
84,99,A
30,66,B
89,65,A
74,95,A
61,46,B
68,44,B
40,42,B
92,24,B
30,35,C
77,61,B
90,97,A
41,12,C
32,72,B
54,96,A
53,46,B
15,44,C
44,58,B
39,13,C
45,78,B
18,97,B
100,62,A
38,34,C
57,75,B
49,64,B
70,41,B
68,57,B
85,86,A
68,11,C
66,23,B
48,30,C
95,64,A
50,65,B
99,64,A
25,46,C
57,46,B
24,16,C
59,40,B
22,71,B
53,23,C
68,61,B
81,60,A
12,43,C
13,34,C
41,33,C
28,74,B
61,85,A
29,88,B
93,50,A
70,34,B
87,46,B
87,97,A
43,45,B
61,86,A
81,50,B
100,72,A
99,56,A
41,45,B
67,12,C
91,23,B
15,49,C
15,57,C
32,92,B
89,10,B
74,79,A
25,72,B
65,53,B
34,24,C
61,89,A
60,80,A
32,90,B
29,72,B
56,10,C
99,14,B
90,80,A
17,17,C
60,49,B
50,19,C
73,49,B
25,90,B
47,77,B
40,63,B
71,13,B
75,83,A
98,97,A
100,69,A
12,63,C
70,62,B
33,77,B
12,47,C
28,43,C
40,87,B
47,91,B
67,84,A
96,19,B
20,78,B
26,87,B
71,56,B
57,89,A
13,56,C
96,67,A
53,98,A
92,25,B
59,26,B
79,40,B
21,41,C
93,74,A
40,29,C
41,44,B
17,29,C
71,93,A
57,61,B
68,100,A
65,92,A
39,49,B
86,69,A
17,33,C
52,21,C
88,88,A
44,61,B
61,95,A
26,15,C
11,40,C
97,52,A
78,16,B
89,81,A
69,40,B
20,94,B
27,39,C
37,12,C
29,66,B
69,32,B
79,13,B
77,78,A
29,71,B
12,14,C
31,64,B
49,22,C
50,59,B
97,90,A
87,63,A
66,95,A
63,37,B
76,95,A
46,18,C
54,29,B
97,59,A
72,58,B
70,36,B
46,20,C
86,64,A
57,44,B
73,49,B
65,88,A
83,84,A
18,63,B
80,17,B
97,96,A
24,23,C
50,94,A
52,84,B
67,98,A
22,55,C
31,59,B
64,29,B
81,99,A
73,29,B
17,51,C
37,32,C
84,77,A
14,28,C
50,65,B
65,23,B
26,41,C
30,78,B
18,63,B
53,71,B
19,61,B
94,30,B
58,68,B
82,86,A
25,53,C
51,34,B
70,92,A
94,60,A
10,16,C
40,54,B
32,34,C
43,90,B
13,38,C
99,41,A
79,56,B
63,85,A
14,48,C
87,36,B
23,72,B
98,41,B
12,95,B
83,27,B
18,39,C
98,19,B
28,23,C
63,44,B
28,91,B
92,81,A
49,42,B
75,35,B
70,53,B
94,45,B
86,41,B
12,87,B
10,74,B
15,45,C
23,56,C
79,34,B
62,60,B
57,62,B
76,46,B
93,95,A
66,16,B
33,16,C
54,69,B
62,23,B
68,34,B
23,36,C
37,86,B
12,23,C
25,41,C
65,53,B
99,74,A
77,34,B
35,26,C
79,13,B
94,25,B
87,70,A
54,40,B
56,45,B
77,37,B
80,11,B
22,92,B
38,91,B
21,42,C
12,77,B
59,82,A
24,46,C
43,74,B
82,25,B
76,96,A
48,53,B
51,79,B
59,80,B
45,29,C
13,78,B
66,12,C
53,31,B
20,90,B
75,71,A
75,66,A
20,10,C
43,84,B
59,52,B
84,29,B
91,91,A
96,45,A
22,31,C
19,81,B
39,41,B
40,51,B
36,48,B
40,100,A
84,26,B
64,72,B
32,23,C
15,92,B
11,27,C
38,63,B
14,56,C
97,15,B
31,69,B
36,31,C
44,28,C
100,48,A
50,62,B
89,80,A
40,77,B
51,10,C
39,44,B
12,10,C
24,18,C
70,95,A
59,59,B
28,71,B
35,53,B
37,43,B
13,71,B
12,83,B
59,56,B
15,60,C
83,59,A
43,56,B
14,14,C
29,35,C
92,25,B
96,95,A
25,82,B
80,45,B
54,57,B
18,92,B
85,28,B
31,81,B
29,84,B
33,74,B
40,80,B
18,52,C
19,34,C
26,37,C
14,12,C
16,63,C
67,85,A
16,37,C
37,78,B
26,90,B
67,13,B
82,34,B
75,25,B
62,32,B
26,54,B
29,54,B
73,85,A
73,66,B
41,40,B
50,62,B
75,96,A
21,56,C
54,55,B
40,10,C
58,31,B
70,91,A
95,96,A
13,50,C
35,77,B
40,89,B
76,19,B
78,67,A
18,71,B
49,73,B
11,98,B
37,86,B
73,34,B
38,43,B
34,48,B
100,36,B
73,61,B
98,28,B
32,64,B
21,40,C
68,76,A
40,25,C
91,20,B
81,67,A
90,81,A
53,12,C
86,20,B
98,67,A
32,17,C
54,31,B
54,20,C
46,84,B
72,11,B
51,23,C
34,20,C
71,13,B
12,55,C
81,86,A
32,81,B
27,11,C
50,87,B
46,47,B
71,95,A
16,84,B
12,28,C
52,35,B
41,33,C
55,81,B
55,56,B
39,22,C
89,24,B
39,10,C
68,42,B
74,45,B
34,11,C
69,63,B
60,41,B
38,35,C
96,35,B
43,36,C
14,63,C
75,50,B
15,89,B
37,52,B
34,98,B
62,22,B
88,87,A
17,87,B
39,15,C
31,31,C
28,24,C
61,48,B
90,26,B
83,26,B
53,39,B
93,37,B
88,84,A
17,75,B
83,17,B
44,27,C
56,18,C
44,19,C
51,89,A
97,97,A
23,12,C
33,29,C
83,63,A
74,25,B
38,71,B
11,23,C
21,88,B
84,26,B
95,96,A
72,49,B
60,73,B
30,21,C
42,42,B
98,27,B
45,86,B
62,83,A
47,61,B
58,67,B
40,15,C
95,15,B
73,91,A
68,31,B
65,67,B
53,25,C
90,34,B
18,68,B
50,46,B
84,72,A
32,38,C
95,48,A
34,86,B
30,57,B
37,94,B
96,88,A
21,47,C
39,39,C
52,77,B
26,43,C
91,29,B
15,58,C
25,81,B
34,74,B
45,93,B
36,18,C
37,15,C
43,42,B
48,100,A
50,78,B
53,46,B
82,65,A
88,99,A
90,89,A
54,15,C
71,21,B
52,80,B
86,56,A
35,70,B
18,17,C
34,91,B
35,21,C
71,87,A
76,43,B
39,55,B
34,75,B
11,23,C
25,43,C
24,43,C
67,17,B
81,32,B
99,93,A
86,99,A
17,77,B
76,55,B
94,79,A
91,90,A
17,77,B
61,83,A
23,21,C
47,67,B
52,80,B
23,53,C
53,68,B
84,34,B
86,17,B
13,62,C
55,88,A
60,80,A
38,27,C
49,81,B
84,16,B
30,42,C
74,94,A
37,47,B
58,84,A
54,41,B
95,93,A
11,12,C
90,63,A
88,63,A
30,16,C
67,84,A
56,61,B
31,57,B
40,99,B
36,50,B
77,26,B
90,81,A
42,16,C
47,93,A
38,50,B
100,82,A
24,76,B
94,22,B
72,20,B
34,31,C
59,21,B
78,39,B
13,46,C
33,25,C
41,68,B
32,47,C
81,55,B
10,87,B
52,18,C
92,78,A
90,64,A
53,28,B
39,78,B
41,70,B
71,71,A
77,95,A
58,71,B
77,18,B
63,75,B
60,33,B
80,87,A
86,92,A
68,28,B
36,92,B
89,53,A
70,19,B
66,71,B
94,38,B
79,20,B
11,98,B
38,81,B
97,28,B
10,59,C
53,50,B
48,12,C
12,87,B
94,85,A
96,36,B
72,30,B
37,56,B
36,48,B
20,80,B
17,69,B
48,88,B
67,26,B
32,92,B
98,38,B
35,85,B
90,55,A
14,66,B
35,65,B
46,100,A
69,55,B
19,92,B
21,72,B
95,10,B
42,73,B
88,76,A
18,73,B
63,31,B
21,21,C
73,88,A
90,98,A
10,29,C
93,57,A
55,77,B
53,25,C
82,48,B
75,80,A
88,78,A
52,66,B
99,39,B
94,62,A
54,69,B
44,22,C
12,82,B
43,40,B
46,18,C
28,27,C
87,41,B
23,29,C
71,40,B
73,33,B
15,83,B
65,90,A
86,13,B
100,21,B
16,69,B
67,43,B
69,76,A
24,92,B
22,17,C
68,27,B
72,56,B
17,55,C
90,64,A
40,31,C
26,41,C
72,70,A
57,64,B
86,75,A
58,74,B
19,66,B
56,47,B
47,11,C
24,47,C
42,79,B
17,100,B
90,59,A
39,23,C
95,44,B
78,14,B
99,68,A
85,99,A
66,76,A
36,88,B
14,13,C
17,30,C
65,49,B
18,78,B
71,17,B
55,39,B
69,82,A
39,93,B
47,14,C
35,69,B
26,32,C
99,66,A
21,36,C
94,22,B
37,25,C
27,35,C
52,10,C
81,28,B
69,57,B
40,38,C
47,45,B
55,44,B
51,44,B
12,53,C
12,14,C
61,90,A
73,27,B
35,66,B
89,83,A
39,44,B
78,16,B
33,78,B
68,46,B
28,53,B
35,87,B
30,48,C
92,36,B
23,88,B
53,99,A
81,40,B
76,42,B
97,48,A
79,12,B
38,95,B
75,34,B
33,61,B
71,29,B
95,15,B
42,55,B
52,16,C
21,86,B
45,100,A
74,42,B
54,64,B
44,29,C
14,77,B
28,48,C
34,88,B
85,65,A
24,35,C
12,79,B
12,35,C
56,35,B
43,29,C
14,83,B
69,92,A
66,38,B
41,46,B
34,26,C
29,23,C
40,71,B
31,28,C
18,45,C
86,100,A
49,95,A
24,25,C
49,19,C
12,36,C
33,75,B
20,65,B
95,87,A
24,76,B
24,75,B
20,76,B
73,32,B
84,80,A
12,77,B
22,74,B
27,88,B
61,53,B
75,28,B
67,67,B
96,43,B
37,63,B
94,15,B
78,98,A
47,11,C
21,22,C
49,60,B
22,100,B
58,64,B
59,62,B
53,66,B
54,38,B
52,20,C
13,56,C
88,21,B
93,43,B
91,52,A
67,39,B
97,61,A
39,57,B
66,100,A
18,20,C
62,39,B
54,81,B
47,41,B
65,63,B
61,46,B
55,71,B
55,30,B
64,56,B
95,97,A
28,80,B
60,95,A
88,76,A
100,84,A
34,93,B
22,16,C
59,33,B
43,32,C
40,49,B
15,90,B
66,17,B
12,48,C
50,15,C
17,62,C
23,43,C
55,71,B
85,85,A
96,54,A
14,74,B
57,43,B
58,28,B
26,97,B
42,73,B
73,58,B
93,53,A
16,68,B
71,86,A
83,63,A
51,14,C
92,42,B
95,40,B
84,36,B
78,68,A
58,20,C
69,58,B
98,61,A
79,61,A
97,14,B
65,47,B
66,99,A
27,98,B
57,41,B
59,50,B
70,96,A
91,99,A
81,65,A
19,97,B
83,80,A
85,37,B
64,67,B
94,67,A
47,99,A
58,67,B
19,52,C
55,33,B
32,15,C
85,49,B
90,50,A
41,56,B
44,60,B
83,74,A
99,25,B
29,10,C
72,20,B
17,17,C
77,46,B
64,68,B
48,96,A
43,31,C
53,81,B
17,59,C
85,26,B
22,43,C
65,84,A
74,27,B
80,57,B
73,71,A
53,82,B
81,78,A
91,74,A
26,97,B
32,72,B
34,62,B
54,63,B
10,95,B
38,96,B
12,51,C
73,51,B
65,37,B
59,60,B
58,98,A
31,29,C
94,63,A
75,82,A
29,57,B
33,30,C
97,76,A
31,35,C
31,47,C
66,80,A
48,42,B
55,14,C
24,81,B
64,78,A
37,13,C
42,55,B
28,66,B
21,60,B
99,25,B
57,88,A
44,89,B
90,98,A
19,18,C
77,98,A
46,43,B
35,39,C
61,45,B
85,56,A
53,17,C
100,27,B
76,74,A
84,74,A
14,16,C
64,21,B
22,97,B
51,96,A
70,62,B
76,32,B
35,100,B
96,57,A
40,26,C
11,24,C
53,75,B
69,78,A
77,65,A
41,51,B
38,69,B
94,16,B
55,18,C
100,86,A
14,48,C
84,28,B
96,50,A
76,35,B
24,19,C
99,76,A
65,29,B
16,35,C
16,34,C
51,20,C
89,61,A
18,34,C
47,93,A
51,46,B
43,24,C
41,53,B
31,59,B
97,13,B
80,59,B
42,63,B
73,40,B
64,62,B
99,55,A
27,14,C
64,73,B
81,70,A
12,74,B
42,68,B
20,78,B
59,57,B
66,74,A
59,63,B
71,18,B
53,83,B
75,67,A
71,16,B
13,11,C
88,30,B
13,51,C
40,76,B
77,45,B
65,60,B
88,61,A
78,19,B
71,60,B
72,87,A
25,10,C
29,98,B
27,48,C
58,61,B
42,26,C
66,23,B
86,45,B
76,89,A
35,40,C
88,46,B
90,54,A
74,30,B
34,37,C
56,91,A
65,97,A
76,96,A
94,50,A
67,51,B
96,47,A
32,57,B
39,22,C
85,100,A
82,34,B
43,43,B
43,92,B
20,40,C
94,23,B
63,11,C
11,75,B
74,19,B
31,11,C
94,31,B
28,23,C
84,74,A
44,13,C
38,60,B
73,16,B
38,78,B
94,87,A
83,10,B
78,59,B
18,15,C
52,27,C
27,99,B
68,47,B
45,43,B
59,29,B
97,90,A
86,25,B
55,46,B
10,96,B
73,59,B
78,22,B
47,44,B
33,53,B
89,83,A
13,69,B
47,36,B
71,38,B
21,88,B
27,48,C
90,70,A
30,70,B
54,24,C
74,98,A
52,43,B
40,97,B
20,39,C
21,42,C
92,78,A
22,75,B
76,53,B
92,72,A
88,33,B
30,14,C
48,13,C
97,29,B
37,38,C
84,60,A
32,40,C
56,33,B
93,52,A
62,41,B
40,81,B
76,57,B
61,26,B
48,35,B
15,98,B
34,31,C
83,19,B
21,34,C
51,87,B
83,97,A
36,75,B
69,38,B
65,69,B
84,21,B
99,86,A
53,42,B
68,72,A
82,85,A
66,88,A
33,76,B
47,63,B
62,43,B
80,54,B
38,27,C
16,83,B
77,49,B
42,46,B
17,55,C
59,43,B
41,87,B
77,84,A
46,26,C
62,85,A
88,27,B
95,27,B
54,87,A
20,83,B
31,17,C
86,16,B
11,34,C
90,36,B
45,67,B
62,99,A
77,97,A
62,57,B
42,47,B
82,21,B
29,39,C
13,38,C
50,53,B
90,34,B
11,19,C
78,67,A
57,50,B
31,69,B
28,42,C
45,26,C
92,22,B
91,18,B
75,58,B
92,63,A
49,13,C
48,98,A
44,87,B
21,48,C
24,26,C
43,82,B
54,96,A
36,52,B
57,13,C
47,72,B
35,62,B
96,67,A
24,28,C
89,99,A
19,61,B
26,90,B
77,57,B
28,100,B
47,65,B
24,40,C
53,65,B
83,78,A
29,25,C
39,54,B
56,31,B
75,58,B
73,76,A
35,81,B
19,37,C
21,22,C
54,15,C
77,31,B
57,95,A
21,75,B
84,88,A
77,23,B
11,81,B
16,38,C
95,92,A
30,58,B
31,36,C
54,85,B
63,22,B
47,94,A
99,67,A
90,27,B
63,36,B
88,98,A
59,11,C
21,20,C
39,17,C
99,10,B
20,56,C
61,87,A
48,20,C
74,83,A
98,12,B
17,80,B
19,79,B
30,65,B
96,46,A
59,86,A
24,16,C
26,31,C
32,56,B
64,85,A
28,57,B
14,49,C
18,92,B
79,47,B
89,72,A
56,32,B
17,74,B
76,32,B
78,89,A
82,67,A
53,12,C
35,29,C
77,40,B
58,68,B
84,71,A
29,21,C
90,16,B
71,58,B
34,34,C
42,95,B
28,84,B
65,37,B
28,87,B
21,47,C
69,16,B
17,49,C
32,53,B
22,71,B
44,47,B
72,12,B
87,39,B
43,83,B
35,51,B
44,90,B
43,34,C
66,25,B
82,63,A
18,65,B
12,70,B
71,41,B
23,19,C
94,22,B
91,97,A
85,66,A
84,52,B
47,65,B
72,86,A
74,70,A
51,48,B
40,98,B
30,84,B
54,40,B
63,15,C
31,36,C
44,26,C
72,12,B
58,34,B
86,21,B
77,51,B
99,99,A
28,55,B
54,92,A
95,13,B
78,58,B
93,100,A
13,37,C
37,98,B
43,63,B
16,97,B
69,64,B
33,21,C
67,86,A
74,31,B
50,24,C
73,72,A
15,60,C
84,60,A
78,16,B
80,86,A
13,72,B
66,27,B
46,51,B
47,22,C
26,60,B
49,15,C
28,24,C
38,31,C
56,81,B
60,44,B
23,66,B
25,85,B
63,97,A
87,92,A
15,47,C
28,59,B
36,85,B
88,55,A
56,87,A
73,73,A
48,91,B
17,80,B
58,52,B
95,78,A
70,40,B
90,83,A
100,10,B
30,82,B
48,76,B
45,31,C
77,45,B
37,96,B
57,100,A
93,39,B
27,55,B
46,56,B
26,18,C
87,10,B
60,26,B
28,61,B
12,89,B
45,81,B
47,16,C
44,68,B
96,81,A
75,25,B
82,98,A
49,65,B
40,77,B
63,80,A
41,70,B
76,99,A
46,18,C
49,57,B
74,99,A
62,62,B
64,49,B
87,96,A
39,72,B
36,14,C
90,44,B
62,21,B
67,29,B
44,93,B
83,62,A
51,14,C
32,46,C
14,20,C
23,78,B
19,89,B
94,86,A
87,70,A
65,74,B
54,10,C
80,38,B
55,100,A
50,71,B
91,75,A
55,68,B
10,96,B
11,24,C
47,79,B
69,12,B
51,24,C
77,12,B
45,33,C
10,100,B
75,35,B
41,72,B
15,23,C
66,67,B
66,99,A
39,28,C
60,72,B
84,17,B
63,50,B
88,60,A
12,56,C
73,68,A
27,93,B
12,99,B
39,63,B
92,26,B
100,32,B
59,10,C
63,61,B
53,92,A
63,26,B
74,48,B
46,63,B
55,10,C
95,98,A
40,45,B
49,81,B
14,77,B
32,47,C
66,22,B
97,44,A
25,27,C
20,59,C
77,51,B
36,28,C
89,100,A
83,84,A
33,83,B
93,56,A
29,11,C
81,46,B
94,71,A
36,65,B
28,55,B
29,29,C
57,72,B
67,18,B
100,64,A
26,84,B
91,14,B
97,80,A
11,87,B
39,85,B
28,42,C
15,72,B
33,50,B
67,52,B
30,100,B
31,20,C
36,85,B
59,87,A
69,49,B
66,61,B
22,10,C
37,70,B
42,14,C
10,52,C
72,97,A
72,36,B
25,94,B
69,52,B
89,73,A
23,48,C
60,41,B
16,74,B
85,54,B
32,41,C
71,15,B
48,19,C
74,66,A
19,27,C
55,29,B
83,69,A
52,74,B
19,77,B
39,28,C
32,58,B
50,79,B
38,33,C
31,34,C
63,43,B
29,98,B
38,14,C
57,80,B
69,97,A
45,52,B
84,25,B
68,77,A
51,28,C
11,43,C
23,50,C
43,83,B
48,24,C
63,84,A
84,14,B
19,63,B
55,22,C
80,85,A
23,97,B
41,70,B
45,63,B
31,80,B
51,81,B
98,59,A
63,32,B
71,28,B
59,100,A
56,80,B
60,14,C
42,37,C
43,56,B
53,53,B
74,32,B
52,26,C
53,18,C
83,15,B
41,13,C
90,48,B
88,64,A
20,69,B
67,24,B
41,52,B
53,83,B
10,59,C
24,90,B
56,27,B
33,57,B
40,34,C
92,66,A
42,47,B
20,85,B
61,33,B
33,80,B
40,52,B
47,65,B
98,74,A
38,14,C
59,73,B
11,85,B
77,47,B
42,92,B
23,43,C
62,52,B
59,76,B
96,58,A
60,54,B
100,28,B
13,98,B
70,37,B
10,84,B
96,28,B
80,23,B
91,98,A
69,43,B
45,73,B
33,54,B
51,14,C
17,60,C
26,28,C
48,36,B
92,89,A
37,69,B
32,92,B
19,75,B
74,66,A
99,26,B
12,60,C
79,62,A
92,99,A
22,96,B
32,54,B
44,15,C
97,45,A
10,81,B
44,91,B
86,71,A
35,44,C
27,85,B
56,34,B
39,86,B
21,64,B
32,47,C
92,73,A
76,36,B
38,70,B
22,24,C
10,31,C
61,70,B
20,47,C
23,33,C
95,69,A
85,55,A
15,94,B
70,39,B
62,50,B
28,20,C
97,13,B
85,32,B
93,27,B
65,68,B
41,75,B
43,81,B
11,84,B
79,15,B
70,61,B
99,94,A
42,80,B
14,23,C
82,42,B
30,29,C
19,33,C
77,47,B
40,78,B
52,36,B
14,58,C
99,18,B
53,42,B
67,89,A
82,53,B
60,76,B
92,10,B
79,37,B
55,87,A
36,79,B
45,23,C
100,96,A
18,30,C
78,30,B
48,62,B
98,35,B
87,48,B
15,26,C
59,17,C
75,40,B
80,36,B
13,18,C
13,83,B
77,13,B
45,61,B
73,16,B
80,94,A
42,63,B
58,81,B
26,57,B
31,19,C
12,44,C
21,53,C
41,82,B
18,84,B
38,37,C
98,52,A
88,37,B
35,62,B
38,13,C
50,46,B
90,11,B
55,78,B
94,52,A
91,80,A
94,46,A
44,37,B
36,50,B
26,14,C
65,14,C
38,58,B
42,93,B
36,95,B
18,51,C
60,38,B
89,51,A
89,56,A
56,52,B
71,65,B
48,65,B
10,87,B
42,22,C
22,56,C
31,53,B
41,35,C
77,15,B
45,18,C
39,54,B
56,31,B
36,56,B
35,20,C
29,15,C
10,99,B
32,52,B
13,41,C
39,94,B
49,94,A
54,82,B
14,97,B
12,66,C
93,73,A
92,90,A
25,64,B
53,89,A
87,88,A
30,14,C
56,68,B
47,12,C
74,30,B
14,65,C
12,100,B
90,74,A
76,25,B
86,47,B
31,89,B
45,64,B
71,97,A
94,67,A
29,15,C
35,27,C
95,14,B
72,30,B
67,17,B
62,46,B
93,23,B
14,46,C
55,14,C
79,52,B
70,16,B
32,95,B
16,41,C
87,56,A
40,94,B
93,93,A
72,99,A
24,17,C
56,67,B
89,19,B
86,23,B
28,62,B
48,14,C
65,67,B
42,48,B
96,51,A
15,28,C
14,72,B
58,88,A
61,49,B
97,57,A
81,49,B
85,48,B
48,46,B
93,36,B
56,24,B
28,58,B
57,74,B
78,26,B
69,15,B
18,52,C
81,73,A
25,91,B
95,71,A
55,79,B
42,90,B
98,94,A
48,28,C
33,15,C
78,56,B
55,76,B
20,19,C
82,33,B
100,28,B
84,13,B
88,11,B
92,50,A
68,80,A
39,29,C
31,26,C
100,87,A
72,78,A
38,57,B
87,20,B
43,52,B
76,72,A
57,30,B
26,37,C
16,18,C
41,78,B
46,30,C
18,19,C
33,60,B
39,12,C
35,93,B
82,10,B
83,48,B
51,29,B
13,11,C
73,14,B
21,26,C
24,73,B
56,14,C
82,58,A
32,53,B
24,77,B
76,96,A
33,59,B
24,86,B
78,67,A
57,20,C
46,91,B
56,19,C
75,76,A
15,54,C
50,99,A
36,60,B
73,33,B
95,12,B
53,66,B
36,49,B
52,18,C
85,98,A
27,91,B
96,94,A
78,71,A
20,26,C
63,98,A
88,61,A
82,83,A
37,43,B
72,98,A
85,88,A
64,13,C
59,46,B
29,74,B
84,83,A
19,33,C
55,28,B
54,51,B
35,64,B
23,84,B
11,58,C
87,66,A
68,51,B
63,73,B
18,86,B
98,58,A
82,43,B
58,42,B
23,73,B
40,45,B
47,39,B
33,30,C
68,23,B
50,67,B
91,17,B
82,73,A
39,93,B
95,84,A
24,76,B
89,42,B
87,79,A
35,83,B
85,10,B
99,22,B
53,49,B
52,60,B
16,94,B
36,78,B
21,60,B
94,72,A
38,52,B
88,25,B
57,34,B
84,55,B
46,36,B
63,39,B
90,66,A
39,90,B
79,38,B
10,47,C
47,63,B
50,39,B
43,17,C
75,70,A
32,91,B
61,54,B
37,53,B
18,94,B
82,40,B
37,61,B
46,10,C
11,52,C
48,16,C
78,88,A
10,81,B
81,98,A
72,14,B
78,95,A
58,80,B
82,17,B
19,39,C
56,22,C
25,89,B
89,77,A
42,99,A
95,69,A
45,49,B
92,47,B
24,87,B
49,56,B
23,60,B
22,13,C
49,71,B
76,21,B
15,12,C
92,21,B
63,88,A
37,53,B
17,99,B
36,86,B
33,27,C
79,84,A
96,77,A
47,85,B
85,25,B
88,66,A
22,41,C
76,94,A
19,84,B
92,89,A
88,32,B
36,86,B
70,12,B
42,21,C
34,28,C
75,89,A
53,61,B
96,36,B
61,67,B
16,38,C
68,100,A
72,63,B
84,33,B
73,31,B
80,49,B
32,78,B
55,82,B
35,72,B
36,15,C
70,90,A
11,88,B
95,28,B
26,17,C
68,61,B
17,81,B
85,33,B
57,17,C
18,74,B
22,25,C
68,63,B
39,50,B
13,36,C
81,80,A
35,90,B
89,62,A
56,15,C
17,71,B
65,61,B
92,36,B
77,41,B
58,52,B
11,49,C
37,38,C
11,10,C
52,90,A
63,32,B
53,10,C
27,70,B
33,72,B
88,66,A
86,41,B
61,48,B
85,80,A
88,79,A
83,20,B
76,87,A
51,91,A
87,67,A
66,94,A
49,30,C
55,58,B
66,51,B
92,48,A
55,83,B
36,69,B
42,51,B
19,67,B
58,13,C
11,80,B
66,84,A
25,68,B
67,61,B
56,64,B
72,100,A
90,73,A
14,23,C
16,59,C
70,94,A
99,15,B
20,14,C
49,31,B
92,84,A
33,79,B
44,17,C
96,75,A
42,100,A
61,44,B
86,83,A
56,14,C
39,41,B
98,12,B
100,78,A
58,78,B
26,31,C
86,83,A
100,38,B
12,92,B
46,51,B
46,54,B
29,13,C
14,96,B
82,74,A
32,27,C
100,74,A
95,10,B
22,54,C
99,61,A
49,10,C
40,21,C
84,75,A
26,29,C
38,75,B
64,100,A
16,15,C
15,96,B
25,58,B
70,52,B
12,86,B
42,37,C
16,77,B
75,99,A
21,51,C
59,29,B
23,87,B
90,16,B
44,61,B
18,57,C
61,89,A
88,72,A
73,31,B
80,77,A
13,14,C
64,62,B
33,39,C
18,89,B
30,49,C
82,47,B
25,20,C
95,89,A
28,30,C
29,27,C
69,79,A
79,57,B
72,79,A
89,62,A
